post_id,campaign_id,creator_id,post_date,platform,format,views_at_24h,views_at_7d,views_at_30d,views_final,total_payout_earned,flagged_suspicious
P0001,C01,CR480,2025-09-01,instagram,reel,2766,5133,5662,5882,0,false
P0002,C01,CR049,2025-08-25,instagram,reel,5121,9876,11049,11908,0,false
P0003,C01,CR552,2025-09-02,instagram,reel,3269,8824,10181,10543,0,false
P0004,C01,CR059,2025-08-14,instagram,reel,41818,99664,118471,121403,2000,false
P0005,C01,CR500,2025-08-13,instagram,reel,11672,21884,26047,26047,500,false
P0006,C01,CR443,2025-07-22,instagram,reel,6859,18233,20165,20885,500,false
P0007,C01,CR032,2025-09-02,instagram,reel,6512,15855,18652,18652,500,false
P0008,C01,CR515,2025-07-29,instagram,reel,48084,96822,105412,113486,2000,false
P0009,C01,CR391,2025-07-08,instagram,reel,6728,15893,18439,19264,500,false
P0010,C01,CR104,2025-08-02,instagram,reel,28589,55464,65862,68806,2000,false
P0011,C01,CR554,2025-08-24,instagram,reel,274,718,815,820,0,false
P0012,C01,CR514,2025-09-01,instagram,reel,4407,9804,11524,12265,0,false
P0013,C01,CR424,2025-08-14,instagram,carousel,131,242,284,284,0,false
P0014,C01,CR397,2025-08-26,instagram,reel,1165,3123,3488,3733,0,false
P0015,C01,CR493,2025-09-03,instagram,reel,1026,2130,2570,2584,0,false
P0016,C01,CR536,2025-07-11,instagram,reel,1063,2728,3006,3260,0,false
P0017,C01,CR360,2025-08-29,instagram,reel,2514,4701,5283,5357,0,false
P0018,C01,CR087,2025-08-18,instagram,reel,20473,47299,55392,58774,500,false
P0019,C01,CR118,2025-07-18,instagram,reel,40805,89751,107888,107888,2000,false
P0020,C01,CR308,2025-07-26,instagram,carousel,26382,62761,72772,72772,2000,false
P0021,C01,CR026,2025-07-29,instagram,carousel,5863,15138,17572,17800,500,false
P0022,C01,CR384,2025-08-14,instagram,reel,3156,8854,10360,10419,0,false
P0023,C01,CR095,2025-08-29,instagram,carousel,10248,22119,26503,26503,500,false
P0024,C01,CR058,2025-08-29,instagram,carousel,1779,3278,3743,4214,0,false
P0025,C01,CR217,2025-08-02,instagram,reel,376,762,863,910,0,false
P0026,C01,CR122,2025-08-08,instagram,reel,278721,702813,809167,841771,15000,false
P0027,C01,CR120,2025-07-28,instagram,reel,1166,2899,3335,3412,0,false
P0028,C01,CR566,2025-08-06,instagram,reel,521,1354,1508,1624,0,false
P0029,C01,CR456,2025-08-07,instagram,reel,25688,54096,66021,69109,2000,false
P0030,C01,CR284,2025-07-19,instagram,carousel,375,871,920,1049,0,false
P0031,C01,CR590,2025-08-06,instagram,carousel,9181,17434,19289,19892,500,false
P0032,C01,CR124,2025-07-14,instagram,reel,14,36,42,45,0,false
P0033,C01,CR036,2025-07-18,instagram,reel,580,1414,1490,1759,0,false
P0034,C01,CR234,2025-07-21,instagram,reel,1752,1913,1965,1985,0,true
P0035,C01,CR055,2025-07-31,instagram,reel,99900,231563,264518,281618,5000,false
P0036,C01,CR375,2025-07-15,instagram,reel,2748,7020,7748,8923,0,false
P0037,C01,CR229,2025-08-21,instagram,reel,490,982,1097,1220,0,false
P0038,C01,CR084,2025-08-23,instagram,reel,7005,16770,20869,20869,500,false
P0039,C01,CR225,2025-08-01,instagram,carousel,260,579,666,738,0,false
P0040,C01,CR135,2025-07-23,instagram,carousel,12874,35415,43367,44450,500,false
P0041,C01,CR485,2025-07-29,instagram,reel,531,1119,1248,1376,0,false
P0042,C01,CR239,2025-08-23,instagram,reel,63960,65882,68363,68363,2000,true
P0043,C01,CR261,2025-07-23,instagram,reel,208,570,626,677,0,false
P0044,C01,CR435,2025-08-10,instagram,carousel,31714,68788,81142,82577,2000,false
P0045,C01,CR347,2025-08-04,instagram,reel,8764,23639,27882,29419,500,false
P0046,C01,CR389,2025-07-11,instagram,reel,105008,242054,287763,289057,5000,false
P0047,C01,CR085,2025-08-26,instagram,reel,2500,4915,5294,5780,0,false
P0048,C01,CR016,2025-08-05,instagram,reel,6666,12777,14487,15209,500,false
P0049,C01,CR560,2025-08-06,instagram,reel,1090,2403,2581,3076,0,false
P0050,C01,CR570,2025-08-20,instagram,reel,34704,66396,82123,82123,2000,false
P0051,C01,CR237,2025-08-03,instagram,reel,7169,18809,20652,23971,500,false
P0052,C01,CR214,2025-07-27,instagram,reel,8142,17370,19232,20747,500,false
P0053,C01,CR250,2025-07-16,instagram,reel,6630,15231,17231,18146,500,false
P0054,C01,CR206,2025-08-14,instagram,reel,638,1538,1918,1918,0,false
P0055,C01,CR208,2025-08-31,instagram,reel,406,742,870,941,0,false
P0056,C01,CR143,2025-08-21,instagram,reel,6711,12798,14195,15371,500,false
P0057,C01,CR272,2025-08-15,instagram,carousel,7370,17914,21062,23202,500,false
P0058,C01,CR005,2025-07-28,instagram,reel,4490,8734,10229,10229,0,false
P0059,C01,CR381,2025-08-25,instagram,reel,115286,242605,290688,290688,5000,false
P0060,C01,CR596,2025-07-09,instagram,reel,5478,10562,12009,12009,500,false
P0061,C01,CR408,2025-08-03,instagram,reel,3387,8781,9803,10716,0,false
P0062,C01,CR271,2025-08-02,instagram,reel,962,1909,2238,2259,0,false
P0063,C01,CR512,2025-07-10,instagram,reel,10480,20373,23503,27045,500,false
P0064,C01,CR428,2025-07-08,instagram,carousel,39946,75243,85087,94743,2000,false
P0065,C01,CR236,2025-07-09,instagram,reel,145562,159120,165288,166672,5000,true
P0066,C01,CR591,2025-09-01,instagram,carousel,228,472,537,579,0,false
P0067,C01,CR319,2025-07-15,instagram,reel,13021,27870,33786,33786,500,false
P0068,C01,CR215,2025-07-11,instagram,reel,2773,6522,7554,8167,0,false
P0069,C01,CR079,2025-07-14,instagram,reel,12696,29029,31254,33289,500,false
P0070,C01,CR588,2025-07-26,instagram,carousel,1214,3273,3845,3845,0,false
P0071,C01,CR314,2025-07-15,instagram,carousel,63019,139086,169214,170762,5000,false
P0072,C01,CR287,2025-08-06,instagram,reel,97948,220726,255019,255019,5000,false
P0073,C01,CR136,2025-09-02,instagram,reel,17551,36256,44100,44100,500,false
P0074,C01,CR041,2025-07-25,instagram,carousel,64436,118729,126138,143870,5000,false
P0075,C01,CR035,2025-07-12,instagram,reel,1643,3006,3694,3694,0,false
P0076,C01,CR339,2025-08-23,instagram,carousel,3842,9428,11093,11900,0,false
P0077,C01,CR205,2025-07-22,instagram,reel,17290,17769,18176,18477,500,true
P0078,C01,CR108,2025-08-19,instagram,reel,41929,116949,128663,146998,5000,false
P0079,C01,CR146,2025-07-16,instagram,carousel,5385,11366,13328,13328,500,false
P0080,C01,CR346,2025-08-05,instagram,carousel,1231,3387,3876,3996,0,false
P0081,C01,CR466,2025-07-14,instagram,carousel,24537,45672,52205,55625,500,false
P0082,C01,CR594,2025-08-01,instagram,reel,161607,301280,328552,383245,5000,false
P0083,C01,CR432,2025-07-24,instagram,reel,1518,3664,4179,4296,0,false
P0084,C01,CR464,2025-07-08,instagram,reel,43111,110532,128918,132122,5000,false
P0085,C01,CR180,2025-08-29,instagram,reel,209463,420886,475704,516172,5000,false
P0086,C01,CR563,2025-08-21,instagram,reel,3512,8274,9665,9665,0,false
P0087,C01,CR093,2025-08-11,instagram,reel,2710,6244,7760,7786,0,false
P0088,C01,CR017,2025-07-10,instagram,reel,884,1715,1876,2212,0,false
P0089,C02,CR414,2025-09-11,instagram,carousel,535,590,602,617,0,true
P0090,C02,CR032,2025-07-26,instagram,reel,29288,77161,87676,94625,6020,false
P0091,C02,CR515,2025-07-29,instagram,reel,686,1553,1726,1782,0,false
P0092,C02,CR227,2025-07-22,instagram,carousel,4555,4945,5055,5121,0,true
P0093,C02,CR418,2025-09-03,instagram,carousel,1458,4057,5014,5014,0,false
P0094,C02,CR590,2025-08-22,instagram,carousel,1083,2900,3662,3662,0,false
P0095,C02,CR594,2025-08-23,instagram,reel,577998,1331015,1540970,1549209,23460,false
P0096,C02,CR043,2025-08-03,instagram,carousel,4348,11108,12912,13848,0,false
P0097,C02,CR143,2025-08-05,instagram,reel,4744,10602,12850,13092,0,false
P0098,C02,CR422,2025-07-31,instagram,carousel,3931,9862,11615,11615,0,false
P0099,C02,CR373,2025-09-03,instagram,reel,1655,3583,4335,4486,0,false
P0100,C02,CR156,2025-08-14,instagram,reel,27706,29762,30809,30809,3070,true
P0101,C02,CR491,2025-09-03,instagram,carousel,41444,90950,107744,111400,6020,false
P0102,C02,CR364,2025-07-23,instagram,carousel,324783,358238,370104,375442,10590,true
P0103,C02,CR588,2025-08-28,instagram,reel,3877,10834,12534,13580,0,false
P0104,C02,CR139,2025-08-29,instagram,reel,177,499,599,599,0,false
P0105,C02,CR103,2025-07-30,instagram,reel,5385,10966,12959,13586,0,false
P0106,C02,CR352,2025-08-26,instagram,reel,2375,4805,6034,6034,0,false
P0107,C02,CR397,2025-07-27,instagram,reel,5316,10714,12438,12438,0,false
P0108,C02,CR306,2025-08-02,instagram,reel,1033,1995,2326,2326,0,false
P0109,C02,CR053,2025-08-02,instagram,reel,2175,6025,7225,7318,0,false
P0110,C02,CR319,2025-08-20,instagram,carousel,1790,3715,4170,4170,0,false
P0111,C02,CR375,2025-08-08,instagram,carousel,639,1688,1896,2126,0,false
P0112,C02,CR524,2025-08-19,instagram,reel,105,289,337,347,0,false
P0113,C02,CR137,2025-08-11,instagram,reel,26029,62604,71708,78852,6020,false
P0114,C02,CR166,2025-08-19,instagram,reel,27665,51432,62079,64122,6020,false
P0115,C02,CR334,2025-09-02,instagram,reel,9712,20254,21595,24823,0,false
P0116,C02,CR593,2025-07-24,instagram,reel,32019,80329,98158,98158,6020,false
P0117,C02,CR514,2025-08-04,instagram,reel,3383,9029,10042,11120,0,false
P0118,C02,CR489,2025-09-06,instagram,carousel,151,325,383,383,0,false
P0119,C02,CR493,2025-09-08,instagram,reel,4646,10067,11775,12667,0,false
P0120,C02,CR250,2025-08-29,instagram,reel,7950,16126,19437,19951,0,false
P0121,C02,CR132,2025-08-09,instagram,reel,6365,12107,13736,14391,0,false
P0122,C02,CR264,2025-09-10,instagram,carousel,640,1492,1777,1777,0,false
P0123,C02,CR275,2025-08-05,instagram,reel,7833,20984,24147,24147,0,false
P0124,C02,CR539,2025-09-13,instagram,reel,1823,4359,4931,5013,0,false
P0125,C02,CR246,2025-07-26,instagram,reel,1634,4312,5007,5496,0,false
P0126,C02,CR095,2025-07-23,instagram,carousel,702,1310,1531,1599,0,false
P0127,C02,CR001,2025-07-23,instagram,reel,2020,4734,5794,6286,0,false
P0128,C02,CR039,2025-08-16,instagram,reel,12060,28617,32140,33895,3070,false
P0129,C02,CR430,2025-07-23,instagram,carousel,13007,36456,41166,41696,3070,false
P0130,C02,CR439,2025-09-06,instagram,carousel,15337,29024,33264,34545,3070,false
P0131,C02,CR465,2025-09-07,instagram,carousel,887,2038,2350,2507,0,false
P0132,C02,CR441,2025-07-30,instagram,carousel,2223,4351,5103,5224,0,false
P0133,C02,CR360,2025-08-03,instagram,reel,265,645,724,740,0,false
P0134,C02,CR429,2025-08-17,instagram,reel,205099,428834,484615,535907,10590,false
P0135,C02,CR048,2025-08-17,instagram,reel,1629,3250,3564,3586,0,false
P0136,C02,CR060,2025-08-26,instagram,reel,7952,16871,19091,20714,0,false
P0137,C02,CR118,2025-09-05,instagram,reel,1570,4112,4771,4899,0,false
P0138,C02,CR091,2025-09-08,instagram,reel,375,796,912,946,0,false
P0139,C02,CR271,2025-08-16,instagram,reel,7022,7641,7875,7951,0,true
P0140,C02,CR570,2025-09-16,instagram,reel,3201,6595,7249,8214,0,false
P0141,C02,CR527,2025-07-24,instagram,carousel,590,1550,1808,1874,0,false
P0142,C02,CR285,2025-08-03,instagram,carousel,1084,2295,2744,2875,0,false
P0143,C02,CR093,2025-08-21,instagram,reel,4085,7924,9363,9363,0,false
P0144,C02,CR354,2025-09-07,instagram,reel,114277,251271,285620,319660,10590,false
P0145,C02,CR154,2025-08-08,instagram,carousel,3375,6308,6758,7064,0,false
P0146,C02,CR460,2025-08-20,instagram,reel,317,589,719,735,0,false
P0147,C02,CR236,2025-08-26,instagram,reel,8723,18388,19840,22179,0,false
P0148,C02,CR405,2025-08-14,instagram,reel,39575,81112,92430,95693,6020,false
P0149,C02,CR549,2025-08-06,instagram,carousel,25151,59636,68930,74856,6020,false
P0150,C02,CR005,2025-08-11,instagram,reel,14974,29384,35957,37994,3070,false
P0151,C02,CR442,2025-09-02,instagram,reel,18014,41288,46151,46151,3070,false
P0152,C02,CR544,2025-08-04,instagram,reel,1739,3676,4321,4321,0,false
P0153,C02,CR138,2025-08-17,instagram,reel,27031,69314,80819,85700,6020,false
P0154,C02,CR326,2025-08-16,instagram,reel,8954,23660,27909,27909,3070,false
P0155,C02,CR040,2025-08-09,instagram,carousel,6018,16284,19891,19891,0,false
P0156,C02,CR428,2025-07-22,instagram,reel,28200,30702,31491,31698,3070,true
P0157,C02,CR461,2025-08-11,instagram,reel,52108,97056,112667,126145,6020,false
P0158,C02,CR214,2025-08-31,instagram,reel,263213,565587,661012,661012,23460,false
P0159,C02,CR583,2025-08-20,instagram,reel,1461,3024,3230,3771,0,false
P0160,C02,CR146,2025-08-02,instagram,reel,342717,367208,378621,384388,10590,true
P0161,C02,CR084,2025-07-26,instagram,reel,1225,3428,4079,4159,0,false
P0162,C02,CR404,2025-08-20,instagram,reel,10232,21671,25257,27175,0,false
P0163,C02,CR315,2025-08-29,instagram,carousel,6859,14368,16616,17583,0,false
P0164,C02,CR371,2025-09-08,instagram,carousel,23207,53272,62596,65124,6020,false
P0165,C02,CR500,2025-08-28,instagram,reel,154345,164193,169966,171973,10590,true
P0166,C02,CR105,2025-08-18,instagram,reel,2055,4163,4757,5086,0,false
P0167,C02,CR552,2025-08-28,instagram,carousel,863,2212,2565,2565,0,false
P0168,C02,CR459,2025-09-01,instagram,reel,208,517,569,665,0,false
P0169,C02,CR272,2025-07-23,instagram,carousel,6560,15217,17212,18593,0,false
P0170,C02,CR553,2025-09-13,instagram,carousel,583,1557,1821,1821,0,false
P0171,C02,CR081,2025-07-26,instagram,reel,2660,6600,7618,8212,0,false
P0172,C02,CR330,2025-08-29,instagram,reel,4078,10558,12662,12931,0,false
P0173,C02,CR079,2025-09-12,instagram,carousel,22100,40300,47859,47983,3070,false
P0174,C02,CR183,2025-07-23,instagram,carousel,7085,13464,15043,16405,0,false
P0175,C02,CR228,2025-08-25,instagram,carousel,762,1525,1728,1971,0,false
P0176,C02,CR239,2025-08-13,instagram,reel,5550,12843,13747,15048,0,false
P0177,C02,CR058,2025-07-27,instagram,reel,8678,9367,9652,9700,0,true
P0178,C02,CR538,2025-08-08,instagram,reel,13652,25575,29536,29574,3070,false
P0179,C02,CR350,2025-09-13,instagram,reel,91442,172970,198067,217862,10590,false
P0180,C03,CR565,2025-08-31,instagram,reel,207631,378780,424028,465313,5000,false
P0181,C03,CR504,2025-09-10,instagram,carousel,89067,170219,185604,195355,5000,false
P0182,C03,CR085,2025-08-04,instagram,carousel,5316,11578,13033,13986,500,false
P0183,C03,CR123,2025-09-04,instagram,reel,61796,114360,125681,135427,5000,false
P0184,C03,CR520,2025-08-20,instagram,reel,40904,91428,103497,108392,2000,false
P0185,C03,CR328,2025-08-03,instagram,reel,14809,28857,31233,33711,500,false
P0186,C03,CR412,2025-09-11,instagram,carousel,42149,111669,131501,144563,5000,false
P0187,C03,CR233,2025-08-09,instagram,reel,238520,529989,604534,671688,15000,false
P0188,C03,CR458,2025-08-29,instagram,carousel,1736,3773,3922,4319,0,false
P0189,C03,CR032,2025-08-04,instagram,reel,452,977,1112,1173,0,false
P0190,C03,CR364,2025-08-23,instagram,reel,63589,181391,216226,222676,5000,false
P0191,C03,CR044,2025-09-05,instagram,carousel,35812,97423,118733,120966,2000,false
P0192,C03,CR081,2025-08-12,instagram,reel,43194,102102,116345,118673,5000,false
P0193,C03,CR582,2025-08-13,instagram,reel,21923,41155,46220,46338,500,false
P0194,C03,CR495,2025-09-19,instagram,reel,39167,85087,91210,104088,2000,false
P0195,C03,CR041,2025-08-19,instagram,carousel,39748,79186,92965,99396,2000,false
P0196,C03,CR204,2025-09-10,instagram,reel,165370,342733,409899,429413,5000,false
P0197,C03,CR015,2025-09-11,instagram,reel,676009,1385078,1611030,1689405,15000,false
P0198,C03,CR180,2025-08-19,instagram,carousel,94694,187976,213016,215549,5000,false
P0199,C03,CR577,2025-08-11,instagram,carousel,2628,6306,7430,7806,0,false
P0200,C03,CR589,2025-08-06,instagram,reel,44949,97375,105328,117825,2000,false
P0201,C03,CR567,2025-09-05,instagram,carousel,22692,47508,52440,64039,500,false
P0202,C03,CR568,2025-09-01,instagram,carousel,330032,337990,346842,352397,5000,true
P0203,C03,CR026,2025-08-28,instagram,reel,8126,22483,27601,27601,500,false
P0204,C03,CR027,2025-08-16,instagram,reel,9477934,20479007,23028300,23900773,15000,false
P0205,C03,CR584,2025-08-03,instagram,reel,28766,62347,72450,76275,2000,false
P0206,C03,CR516,2025-08-05,instagram,reel,217241,434863,523937,567839,5000,false
P0207,C03,CR108,2025-08-06,instagram,carousel,10696,27364,29683,32570,500,false
P0208,C03,CR418,2025-09-08,instagram,reel,22361,54712,66554,66554,2000,false
P0209,C03,CR440,2025-09-07,instagram,reel,1756324,3286419,3816686,3976175,15000,false
P0210,C03,CR293,2025-07-29,instagram,carousel,40434,75973,84352,90406,2000,false
P0211,C03,CR161,2025-09-08,instagram,reel,17357,33514,39408,39478,500,false
P0212,C03,CR381,2025-08-01,instagram,reel,174386,436475,461761,530726,5000,false
P0213,C03,CR594,2025-09-19,instagram,carousel,11035,29817,35242,35242,500,false
P0214,C03,CR167,2025-08-14,instagram,reel,33058,70844,83364,83570,2000,false
P0215,C03,CR214,2025-08-15,instagram,reel,964891,1879178,2194002,2380742,15000,false
P0216,C03,CR058,2025-08-07,instagram,reel,1266,2439,2753,2808,0,false
P0217,C03,CR484,2025-09-06,instagram,reel,2963,7629,9447,9447,0,false
P0218,C03,CR226,2025-09-10,instagram,carousel,14309,31257,35202,37820,500,false
P0219,C03,CR009,2025-09-17,instagram,reel,24036,64988,75157,75157,2000,false
P0220,C03,CR283,2025-08-05,instagram,reel,534756,1123267,1248687,1311840,15000,false
P0221,C03,CR512,2025-07-29,instagram,reel,9502,18974,23123,23962,500,false
P0222,C04,CR143,2025-09-19,instagram,reel,5113,11035,12201,13158,290,false
P0223,C04,CR247,2025-10-12,instagram,reel,438,1187,1393,1555,130,false
P0224,C04,CR478,2025-10-10,instagram,reel,797,1867,2199,2215,130,false
P0225,C04,CR124,2025-10-11,instagram,reel,786,1729,2002,2096,130,false
P0226,C04,CR185,2025-08-25,instagram,carousel,2369,4334,5163,5163,290,false
P0227,C04,CR278,2025-10-08,instagram,reel,295,608,702,758,0,false
P0228,C04,CR511,2025-10-17,instagram,reel,370,828,976,999,0,false
P0229,C04,CR365,2025-10-20,instagram,reel,206,445,494,530,0,false
P0230,C04,CR410,2025-08-24,instagram,reel,74,184,217,217,0,false
P0231,C04,CR330,2025-08-30,instagram,reel,4403,8773,10640,11075,290,false
P0232,C04,CR360,2025-08-20,instagram,reel,239,528,611,630,0,false
P0233,C04,CR288,2025-10-08,instagram,reel,1050,2270,2734,2734,130,false
P0234,C04,CR307,2025-10-12,instagram,reel,12289,33889,37537,39196,3690,false
P0235,C04,CR266,2025-11-08,instagram,carousel,1975,4159,4743,5012,290,false
P0236,C04,CR422,2025-10-23,instagram,reel,2277,4240,4978,5254,290,false
P0237,C04,CR286,2025-09-19,instagram,carousel,240,658,746,787,0,false
P0238,C04,CR514,2025-10-13,instagram,carousel,398,804,941,973,0,false
P0239,C04,CR229,2025-08-17,instagram,reel,1074,2159,2565,2565,130,false
P0240,C04,CR103,2025-11-06,instagram,reel,6942,13210,14511,15524,290,false
P0241,C04,CR244,2025-08-25,instagram,reel,3753,8350,10353,10376,290,false
P0242,C04,CR117,2025-08-18,instagram,carousel,319,672,764,806,0,false
P0243,C04,CR036,2025-08-29,instagram,reel,229,592,633,782,0,false
P0244,C04,CR505,2025-09-26,instagram,carousel,2904,5405,6046,6444,290,false
P0245,C04,CR382,2025-10-13,instagram,carousel,34,71,77,80,0,false
P0246,C04,CR196,2025-09-29,instagram,carousel,223,583,621,661,0,false
P0247,C04,CR001,2025-09-21,instagram,reel,1713,4264,4894,5201,290,false
P0248,C04,CR318,2025-08-29,instagram,reel,45,126,149,149,0,false
P0249,C04,CR208,2025-11-01,instagram,reel,1856,3474,3845,4338,290,false
P0250,C04,CR024,2025-10-28,instagram,reel,432,873,997,1021,0,false
P0251,C04,CR590,2025-08-26,instagram,reel,14637,38861,45522,46922,3690,false
P0252,C04,CR003,2025-10-20,instagram,reel,60,129,155,164,0,false
P0253,C04,CR385,2025-10-27,instagram,reel,444,1151,1272,1378,130,false
P0254,C04,CR550,2025-08-27,instagram,reel,930,2550,2990,3130,130,false
P0255,C04,CR109,2025-08-29,instagram,reel,162,317,361,383,0,false
P0256,C04,CR570,2025-10-21,instagram,reel,12686,29005,34984,34984,1360,false
P0257,C04,CR339,2025-09-08,instagram,reel,31800,86909,97928,102935,3690,false
P0258,C04,CR447,2025-10-13,instagram,reel,1031,2350,2645,3013,130,false
P0259,C04,CR095,2025-11-08,instagram,reel,32106,63087,76933,76933,3690,false
P0260,C04,CR375,2025-10-17,instagram,carousel,1685,4314,5138,5174,290,false
P0261,C04,CR139,2025-10-17,instagram,carousel,479,1005,1167,1180,0,false
P0262,C04,CR414,2025-11-02,instagram,carousel,5279,10320,12375,12728,290,false
P0263,C04,CR558,2025-10-28,instagram,reel,769,1635,1918,1973,130,false
P0264,C04,CR326,2025-10-06,instagram,reel,18658,52110,54386,58250,3690,false
P0265,C04,CR532,2025-10-22,instagram,reel,741,2026,2386,2386,130,false
P0266,C04,CR333,2025-09-04,instagram,reel,176,323,362,390,0,false
P0267,C04,CR145,2025-10-31,instagram,reel,8664,9292,9486,9647,290,true
P0268,C04,CR524,2025-09-23,instagram,carousel,442,881,1052,1052,0,false
P0269,C04,CR284,2025-08-31,instagram,reel,393,983,1102,1238,0,false
P0270,C04,CR254,2025-09-19,instagram,reel,536,1093,1179,1258,130,false
P0271,C04,CR322,2025-09-08,instagram,reel,67,160,189,203,0,false
P0272,C04,CR539,2025-10-18,instagram,reel,334,920,1058,1105,0,false
P0273,C04,CR367,2025-10-27,instagram,reel,1375,3673,4448,4453,290,false
P0274,C04,CR600,2025-10-16,instagram,reel,700,745,765,773,0,true
P0275,C04,CR319,2025-10-21,instagram,reel,9960,20877,23560,26231,1360,false
P0276,C04,CR126,2025-10-31,instagram,reel,1179,2217,2584,2685,130,false
P0277,C04,CR181,2025-09-19,instagram,reel,1687,3497,4317,4317,290,false
P0278,C04,CR463,2025-09-28,instagram,reel,960,2047,2337,2634,130,false
P0279,C05,CR270,2025-04-04,youtube,short,399,1056,1201,1329,0,false
P0280,C05,CR168,2025-03-16,youtube,short,648,1393,1619,1619,0,false
P0281,C05,CR348,2025-03-06,youtube,short,1156,2446,2987,2987,0,false
P0282,C05,CR329,2025-03-09,youtube,long_form,19,39,42,49,0,false
P0283,C05,CR392,2025-03-12,youtube,short,2160,5263,5908,6480,0,false
P0284,C05,CR077,2025-03-30,youtube,short,4810,10429,13172,13172,500,false
P0285,C05,CR445,2025-02-24,youtube,short,7308,19112,21871,22781,500,false
P0286,C05,CR419,2025-04-04,youtube,short,5729,6123,6247,6316,0,true
P0287,C05,CR433,2025-02-26,youtube,long_form,1032,1964,2280,2310,0,false
P0288,C05,CR198,2025-03-15,youtube,long_form,413,966,1079,1198,0,false
P0289,C05,CR082,2025-03-28,youtube,short,10945,29553,36599,36599,500,false
P0290,C05,CR207,2025-03-16,youtube,short,787,1828,2062,2307,0,false
P0291,C05,CR213,2025-04-07,youtube,short,2408,4589,4977,5619,0,false
P0292,C05,CR387,2025-02-15,youtube,long_form,213,409,533,533,0,false
P0293,C05,CR218,2025-03-20,youtube,short,1111,2928,3350,3617,0,false
P0294,C05,CR507,2025-03-06,youtube,short,1678,4661,5175,5542,0,false
P0295,C05,CR407,2025-03-31,youtube,short,216,411,490,507,0,false
P0296,C05,CR125,2025-03-10,youtube,long_form,478,1269,1400,1539,0,false
P0297,C05,CR323,2025-03-08,youtube,long_form,201,369,416,431,0,false
P0298,C05,CR066,2025-04-04,youtube,long_form,89,178,205,214,0,false
P0299,C05,CR303,2025-04-07,youtube,short,2865,7685,8983,9402,0,false
P0300,C05,CR276,2025-02-17,youtube,long_form,571,1276,1447,1481,0,false
P0301,C05,CR262,2025-02-24,youtube,short,3875,7926,8893,9886,0,false
P0302,C05,CR163,2025-03-27,youtube,short,4210,11091,12082,13516,500,false
P0303,C05,CR291,2025-03-02,youtube,short,1454,2848,3540,3540,0,false
P0304,C05,CR341,2025-03-17,youtube,short,10382,19766,24044,24044,500,false
P0305,C05,CR273,2025-03-27,youtube,long_form,49,123,136,158,0,false
P0306,C05,CR497,2025-03-28,youtube,short,215,473,544,544,0,false
P0307,C05,CR370,2025-02-14,youtube,long_form,26,71,80,87,0,false
P0308,C05,CR115,2025-03-07,youtube,short,628,1257,1440,1574,0,false
P0309,C05,CR425,2025-04-01,youtube,short,862,1597,1792,1804,0,false
P0310,C05,CR045,2025-03-11,youtube,short,1344,1386,1431,1441,0,true
P0311,C05,CR051,2025-02-18,youtube,long_form,6294,17749,20285,20532,500,false
P0312,C05,CR411,2025-02-18,youtube,short,1080,2224,2540,2540,0,false
P0313,C06,CR198,2026-01-03,youtube,long_form,2663,5756,6415,6900,0,false
P0314,C06,CR366,2025-12-03,youtube,short,24189,25655,26170,26566,980,true
P0315,C06,CR402,2025-11-20,youtube,long_form,2010,5333,5599,6094,0,false
P0316,C06,CR445,2026-01-10,youtube,long_form,691,1448,1698,1831,0,false
P0317,C06,CR406,2026-01-28,youtube,short,3838,9569,11382,11672,0,false
P0318,C06,CR341,2026-02-01,youtube,short,17094,18021,18425,18703,980,true
P0319,C06,CR300,2026-01-24,youtube,short,4206,12000,14831,14831,980,false
P0320,C06,CR173,2026-01-22,youtube,long_form,1850,3582,4082,4154,0,false
P0321,C06,CR232,2025-12-01,youtube,short,8489,21883,24763,24763,980,false
P0322,C06,CR473,2026-01-21,youtube,short,43290,86796,96987,102738,2980,false
P0323,C06,CR369,2026-01-05,youtube,long_form,799,1892,2020,2343,0,false
P0324,C06,CR426,2026-01-23,youtube,long_form,334,692,802,802,0,false
P0325,C06,CR324,2026-01-24,youtube,short,2996,8503,9303,9708,0,false
P0326,C06,CR149,2026-01-08,youtube,long_form,154,429,518,518,0,false
P0327,C06,CR543,2025-11-14,youtube,long_form,5740,15429,17750,18250,980,false
P0328,C06,CR174,2025-12-19,youtube,long_form,1792,3365,4063,4063,0,false
P0329,C06,CR277,2025-12-15,youtube,short,240727,618248,728722,742806,28970,false
P0330,C06,CR192,2026-01-28,youtube,long_form,773,1689,1922,1975,0,false
P0331,C06,CR299,2025-11-21,youtube,short,12615,28660,31544,33064,980,false
P0332,C06,CR179,2026-01-01,youtube,short,2767,7601,9115,9115,0,false
P0333,C06,CR077,2026-02-05,youtube,short,2124,5783,6697,6697,0,false
P0334,C06,CR033,2025-12-09,youtube,short,9744,18613,22079,22079,980,false
P0335,C06,CR291,2026-01-16,youtube,short,488,980,1114,1114,0,false
P0336,C06,CR348,2025-12-10,youtube,long_form,300,652,740,763,0,false
P0337,C06,CR468,2026-02-05,youtube,short,19803,37698,43392,43392,2980,false
P0338,C06,CR529,2025-11-21,youtube,short,9786,20252,23145,23521,980,false
P0339,C06,CR008,2025-12-08,youtube,short,62101,136370,159226,159226,2980,false
P0340,C06,CR394,2025-12-10,youtube,long_form,142370,344455,385518,387107,8470,false
P0341,C06,CR281,2025-12-23,youtube,short,15179,31791,35041,38767,2980,false
P0342,C06,CR011,2026-01-31,youtube,long_form,404,905,1066,1066,0,false
P0343,C06,CR219,2025-12-06,youtube,short,368,671,734,760,0,false
P0344,C06,CR462,2025-12-04,youtube,short,7558,15432,17982,17982,980,false
P0345,C06,CR377,2025-12-16,youtube,long_form,502,1162,1362,1365,0,false
P0346,C06,CR438,2026-01-15,youtube,long_form,10185,24777,25761,28416,980,false
P0347,C06,CR010,2025-11-24,youtube,short,2671,6030,6467,7605,0,false
P0348,C06,CR506,2026-01-22,youtube,short,9897,24787,29518,30173,980,false
P0349,C06,CR452,2025-11-13,youtube,long_form,12929,28271,35450,35450,980,false
P0350,C06,CR448,2026-01-07,youtube,short,5577,14121,14989,16188,980,false
P0351,C07,CR163,2025-10-22,youtube,short,4645,8612,9557,10261,0,false
P0352,C07,CR190,2025-10-23,youtube,long_form,1835,5108,5984,6182,0,false
P0353,C07,CR057,2025-10-24,youtube,long_form,17303,40061,45472,49690,500,false
P0354,C07,CR219,2025-10-22,youtube,short,1355,3183,3852,3852,0,false
P0355,C07,CR472,2025-09-23,youtube,short,907,2163,2418,2745,0,false
P0356,C07,CR523,2025-09-29,youtube,short,11773,12209,12566,12597,500,true
P0357,C07,CR077,2025-10-01,youtube,long_form,22840,48332,53938,58766,500,false
P0358,C07,CR433,2025-10-16,youtube,short,4195,7827,9294,9700,0,false
P0359,C07,CR153,2025-10-02,youtube,long_form,2744,7465,8616,8706,0,false
P0360,C07,CR579,2025-10-27,youtube,short,62397,68330,70251,71105,2000,true
P0361,C07,CR299,2025-10-25,youtube,long_form,946,1863,2238,2238,0,false
P0362,C07,CR400,2025-10-14,youtube,short,12677,33579,39245,41368,500,false
P0363,C07,CR098,2025-10-13,youtube,short,26097,63081,72515,72515,2000,false
P0364,C07,CR545,2025-10-27,youtube,short,18273,42350,47979,47979,500,false
P0365,C07,CR509,2025-10-12,youtube,long_form,4060,10851,12211,13067,500,false
P0366,C07,CR309,2025-10-05,youtube,short,1665,4585,5771,5771,0,false
P0367,C07,CR370,2025-09-23,youtube,short,345,764,943,943,0,false
P0368,C07,CR348,2025-10-09,youtube,short,1116,2252,2726,2734,0,false
P0369,C07,CR581,2025-09-23,youtube,long_form,50454,103176,112900,121205,5000,false
P0370,C07,CR324,2025-10-24,youtube,short,12353,26188,32129,32199,500,false
P0371,C07,CR072,2025-10-21,youtube,short,2466,5862,6619,7021,0,false
P0372,C07,CR042,2025-10-07,youtube,short,160595,440500,520278,520278,5000,false
P0373,C07,CR543,2025-10-18,youtube,long_form,63199,167396,194326,217159,5000,false
P0374,C07,CR496,2025-10-11,youtube,short,8038,19497,22119,25626,500,false
P0375,C07,CR369,2025-10-18,youtube,long_form,10107,18659,21723,21949,500,false
P0376,C07,CR406,2025-10-06,youtube,long_form,2221,5912,6532,6906,0,false
P0377,C07,CR534,2025-10-13,youtube,short,268,721,779,911,0,false
P0378,C07,CR392,2025-10-13,youtube,short,26367,66780,75050,81187,2000,false
P0379,C07,CR192,2025-10-15,youtube,short,1973,4893,5754,5754,0,false
P0380,C07,CR221,2025-10-02,youtube,short,12393,34250,37086,41177,500,false
P0381,C07,CR173,2025-10-11,youtube,long_form,2048,4938,5864,5864,0,false
P0382,C07,CR018,2025-10-13,youtube,short,48162,114439,128707,128707,5000,false
P0383,C08,CR363,2025-09-02,youtube,short,1651,3519,4400,4400,0,false
P0384,C08,CR153,2025-08-16,youtube,short,1726,3513,4024,4024,0,false
P0385,C08,CR210,2025-09-06,youtube,short,24375,50954,59252,60058,1320,false
P0386,C08,CR221,2025-09-10,youtube,long_form,1381,3791,4334,4475,0,false
P0387,C08,CR063,2025-08-30,youtube,short,4906,9977,11619,11769,0,false
P0388,C08,CR273,2025-09-07,youtube,short,258,583,627,728,0,false
P0389,C08,CR045,2025-09-03,youtube,short,472,988,1170,1210,0,false
P0390,C08,CR173,2025-09-06,youtube,long_form,4673,9958,11718,12837,0,false
P0391,C08,CR179,2025-09-14,youtube,long_form,4635,8626,10638,10715,0,false
P0392,C08,CR579,2025-08-21,youtube,short,979,1858,2132,2244,0,false
P0393,C08,CR064,2025-08-26,youtube,short,64100,151184,176480,183475,3450,false
P0394,C08,CR002,2025-09-08,youtube,short,25331,50109,60418,62753,1320,false
P0395,C08,CR046,2025-08-15,youtube,short,51994,96445,105345,110486,3450,false
P0396,C08,CR401,2025-08-19,youtube,short,12551,26808,29953,32334,1320,false
P0397,C08,CR188,2025-08-21,youtube,short,842,2067,2419,2529,0,false
P0398,C08,CR419,2025-08-27,youtube,short,96,262,313,325,0,false
P0399,C08,CR509,2025-08-16,youtube,short,6969,13072,15914,15992,0,false
P0400,C08,CR402,2025-08-19,youtube,short,5208,14151,16035,16035,0,false
P0401,C08,CR163,2025-08-24,youtube,long_form,88810,98612,100871,103174,3450,true
P0402,C08,CR249,2025-08-29,youtube,short,12807,33970,37518,37847,1320,false
P0403,C08,CR406,2025-08-17,youtube,short,1652,3668,4338,4359,0,false
P0404,C08,CR348,2025-09-10,youtube,short,26249,27501,28260,28562,1320,true
P0405,C08,CR047,2025-09-06,youtube,short,5283,14806,17273,17359,0,false
P0406,C08,CR083,2025-08-25,youtube,long_form,2625,4847,5707,5878,0,false
P0407,C08,CR033,2025-08-14,youtube,short,4332,8584,9713,10084,0,false
P0408,C08,CR425,2025-08-18,youtube,long_form,129,365,418,452,0,false
P0409,C08,CR467,2025-09-06,youtube,long_form,19588,48701,54472,60155,1320,false
P0410,C08,CR192,2025-08-14,youtube,short,1052,2374,2591,2822,0,false
P0411,C08,CR171,2025-09-11,youtube,long_form,989,2240,2478,2756,0,false
P0412,C08,CR542,2025-08-12,youtube,short,225354,428977,473628,524988,6840,false
P0413,C08,CR462,2025-08-25,youtube,short,837,1706,1852,2077,0,false
P0414,C08,CR445,2025-09-07,youtube,long_form,2010,3751,4213,4773,0,false
P0415,C08,CR172,2025-08-13,youtube,short,1089,2643,3014,3063,0,false
P0416,C08,CR400,2025-09-09,youtube,short,38152,73259,85507,86687,3450,false
P0417,C08,CR369,2025-08-21,youtube,short,9143,25005,29443,29443,1320,false
P0418,C08,CR072,2025-09-04,youtube,short,18618,41070,49253,49253,1320,false
P0419,C08,CR010,2025-08-11,youtube,short,15175,37330,43355,45074,1320,false
P0420,C08,CR436,2025-09-09,youtube,short,7360,17517,20280,21807,0,false
P0421,C08,CR232,2025-08-23,youtube,short,72835,146642,170363,174512,3450,false
P0422,C08,CR116,2025-08-13,youtube,long_form,179,414,433,482,0,false
P0423,C08,CR295,2025-08-14,youtube,short,2277,6339,7151,7429,0,false
P0424,C08,CR257,2025-08-20,youtube,short,9458,23778,28311,29251,1320,false
P0425,C08,CR325,2025-09-10,youtube,long_form,146,284,320,320,0,false
P0426,C08,CR077,2025-08-19,youtube,short,906,1671,1972,2016,0,false
P0427,C08,CR256,2025-08-14,youtube,long_form,158,353,421,421,0,false
P0428,C08,CR190,2025-09-15,youtube,long_form,6096,15245,17987,18062,0,false
P0429,C08,CR473,2025-08-20,youtube,long_form,2109,4464,5226,5752,0,false
P0430,C08,CR522,2025-08-18,youtube,long_form,255,661,763,763,0,false
P0431,C08,CR448,2025-09-11,youtube,long_form,155,308,341,376,0,false
P0432,C08,CR433,2025-08-20,youtube,short,7587,19694,22679,23495,0,false
P0433,C08,CR377,2025-09-07,youtube,short,745,1522,1717,1764,0,false
P0434,C08,CR300,2025-09-08,youtube,short,691,1616,1805,2004,0,false
P0435,C08,CR426,2025-09-02,youtube,short,5099,12140,14310,14892,0,false
P0436,C08,CR198,2025-08-25,youtube,long_form,728,1337,1609,1609,0,false
P0437,C08,CR309,2025-08-22,youtube,short,8603,16127,18077,19153,0,false
P0438,C08,CR134,2025-09-05,youtube,short,296,609,704,740,0,false
P0439,C08,CR599,2025-09-09,youtube,long_form,5389,11839,13542,13897,0,false
P0440,C08,CR545,2025-09-09,youtube,long_form,4887,9182,11024,11564,0,false
P0441,C08,CR299,2025-08-25,youtube,short,5053,13666,15552,16207,0,false
P0442,C08,CR265,2025-08-29,youtube,short,2133083,2318405,2377010,2406024,13300,true
P0443,C08,CR521,2025-09-06,youtube,short,6887,16430,19066,19066,0,false
P0444,C08,CR057,2025-09-10,youtube,short,14162,37369,42391,44843,1320,false
P0445,C08,CR451,2025-08-18,youtube,short,1324,2925,3458,3576,0,false
P0446,C08,CR149,2025-08-19,youtube,short,2001,5013,5659,5760,0,false
P0447,C08,CR468,2025-08-19,youtube,short,8404,17996,21965,22510,0,false
P0448,C08,CR324,2025-09-07,youtube,short,18256,50586,58535,61749,1320,false
P0449,C08,CR082,2025-09-13,youtube,long_form,779,2037,2237,2347,0,false
P0450,C08,CR472,2025-08-11,youtube,short,77544,159268,175877,188742,3450,false
P0451,C08,CR209,2025-09-15,youtube,short,1422,3475,4227,4227,0,false
P0452,C08,CR312,2025-08-29,youtube,long_form,45857,86266,99208,101470,3450,false
P0453,C09,CR600,2025-11-19,instagram,carousel,417,830,1001,1001,0,false
P0454,C09,CR322,2025-11-24,instagram,reel,1593,4273,4725,5145,0,false
P0455,C09,CR039,2025-11-23,instagram,carousel,7300,15757,17729,17729,500,false
P0456,C09,CR408,2025-11-15,instagram,reel,1963,4215,4867,5182,0,false
P0457,C09,CR554,2025-11-23,instagram,reel,123,308,390,390,0,false
P0458,C09,CR391,2025-11-02,instagram,carousel,13898,35455,41625,42798,500,false
P0459,C09,CR254,2025-12-05,instagram,carousel,40,91,101,111,0,false
P0460,C09,CR524,2025-11-23,instagram,reel,52,145,169,184,0,false
P0461,C09,CR280,2025-12-05,instagram,reel,2597,7407,8337,9187,0,false
P0462,C09,CR316,2025-11-09,instagram,reel,185,485,572,588,0,false
P0463,C09,CR573,2025-11-11,instagram,carousel,238,556,688,699,0,false
P0464,C09,CR294,2025-11-29,instagram,carousel,362,758,851,918,0,false
P0465,C09,CR393,2025-11-15,instagram,reel,8746,20592,24045,24187,500,false
P0466,C09,CR379,2025-11-25,instagram,reel,121,258,299,299,0,false
P0467,C09,CR586,2025-12-03,instagram,carousel,115,304,353,353,0,false
P0468,C09,CR096,2025-11-14,instagram,reel,1395,3717,4089,4778,0,false
P0469,C09,CR076,2025-12-03,instagram,carousel,463,950,1102,1217,0,false
P0470,C09,CR482,2025-11-18,instagram,carousel,2237,4153,4961,4961,0,false
P0471,C09,CR457,2025-11-23,instagram,reel,76,144,157,169,0,false
P0472,C09,CR247,2025-11-18,instagram,reel,49,107,126,126,0,false
P0473,C09,CR165,2025-11-27,instagram,reel,1230,2384,2526,2819,0,false
P0474,C09,CR404,2025-11-01,instagram,reel,4554,9674,10905,12120,0,false
P0475,C09,CR102,2025-12-05,instagram,carousel,957,2341,2749,2771,0,false
P0476,C09,CR278,2025-11-11,instagram,reel,2986,3098,3161,3198,0,true
P0477,C09,CR080,2025-12-02,instagram,reel,831,1575,1895,1918,0,false
P0478,C09,CR592,2025-12-06,instagram,reel,286,585,643,733,0,false
P0479,C09,CR471,2025-11-23,instagram,reel,312,793,922,963,0,false
P0480,C09,CR552,2025-11-15,instagram,reel,12374,32188,38395,40529,500,false
P0481,C09,CR139,2025-11-15,instagram,reel,4947,5202,5393,5456,0,true
P0482,C09,CR551,2025-11-29,instagram,reel,266,599,673,770,0,false
P0483,C09,CR164,2025-11-26,instagram,reel,1582,2885,3544,3590,0,false
P0484,C09,CR562,2025-11-23,instagram,reel,265,648,765,765,0,false
P0485,C09,CR288,2025-12-05,instagram,reel,2680,6182,6889,7352,0,false
P0486,C09,CR141,2025-11-06,instagram,carousel,71,152,177,188,0,false
P0487,C09,CR144,2025-11-07,instagram,reel,2201,5614,6227,6613,0,false
P0488,C09,CR335,2025-11-26,instagram,reel,65,179,212,212,0,false
P0489,C09,CR094,2025-11-12,instagram,reel,108,243,268,268,0,false
P0490,C09,CR331,2025-11-25,instagram,reel,3996,7537,8594,8972,0,false
P0491,C09,CR541,2025-11-18,instagram,reel,854,2126,2410,2641,0,false
P0492,C09,CR118,2025-11-28,instagram,reel,3014,7170,8000,8674,0,false
P0493,C09,CR569,2025-11-04,instagram,reel,1221,2274,2557,2931,0,false
P0494,C09,CR500,2025-11-07,instagram,reel,5981,12576,14731,14731,500,false
P0495,C09,CR073,2025-11-03,instagram,reel,97,192,217,226,0,false
P0496,C09,CR054,2025-12-02,instagram,reel,467,1234,1407,1650,0,false
P0497,C09,CR003,2025-11-08,instagram,carousel,316,815,889,983,0,false
P0498,C09,CR574,2025-11-02,instagram,reel,151,334,389,409,0,false
P0499,C09,CR284,2025-11-28,instagram,carousel,68,189,200,223,0,false
P0500,C09,CR456,2025-12-04,instagram,reel,4179,9486,11019,11556,0,false
P0501,C09,CR360,2025-11-09,instagram,reel,957,2636,2861,3167,0,false
P0502,C09,CR236,2025-12-01,instagram,reel,13548,25729,29201,29253,500,false
P0503,C09,CR413,2025-11-05,instagram,reel,716,1485,1703,1777,0,false
P0504,C09,CR367,2025-11-06,instagram,reel,204,450,518,568,0,false
P0505,C09,CR566,2025-12-05,instagram,reel,485,1089,1197,1274,0,false
P0506,C09,CR143,2025-11-15,instagram,carousel,1496,3631,4226,4226,0,false
P0507,C09,CR169,2025-11-23,instagram,carousel,1086,2890,3319,3319,0,false
P0508,C09,CR217,2025-11-22,instagram,reel,752,1372,1462,1558,0,false
P0509,C09,CR510,2025-11-16,instagram,reel,170,332,393,404,0,false
P0510,C09,CR459,2025-11-25,instagram,carousel,52,134,153,162,0,false
P0511,C09,CR410,2025-11-20,instagram,carousel,141,329,379,416,0,false
P0512,C09,CR292,2025-11-16,instagram,carousel,88,226,286,286,0,false
P0513,C09,CR493,2025-11-21,instagram,carousel,981,2569,2935,3305,0,false
P0514,C09,CR024,2025-11-09,instagram,reel,114,218,255,264,0,false
P0515,C09,CR206,2025-11-01,instagram,reel,316,690,790,877,0,false
P0516,C09,CR103,2025-12-03,instagram,reel,1590,3021,3275,3565,0,false
P0517,C09,CR222,2025-10-31,instagram,reel,546,1236,1410,1436,0,false
P0518,C09,CR598,2025-11-14,instagram,reel,634,1413,1629,1678,0,false
P0519,C09,CR145,2025-11-26,instagram,reel,803,2016,2468,2468,0,false
P0520,C09,CR382,2025-11-27,instagram,reel,38,103,114,124,0,false
P0521,C09,CR238,2025-12-03,instagram,reel,782,2129,2468,2468,0,false
P0522,C09,CR489,2025-11-12,instagram,carousel,77,182,214,214,0,false
P0523,C09,CR022,2025-11-18,instagram,reel,58,130,141,156,0,false
P0524,C09,CR099,2025-11-01,instagram,reel,1870,3599,4236,4236,0,false
P0525,C09,CR062,2025-11-17,instagram,reel,1214,2929,3102,3426,0,false
P0526,C09,CR596,2025-11-18,instagram,reel,18219,43475,51321,51321,500,false
P0527,C09,CR374,2025-11-28,instagram,reel,4678,11665,13234,13398,500,false
P0528,C09,CR454,2025-11-27,instagram,reel,235,463,547,547,0,false
P0529,C09,CR333,2025-11-24,instagram,reel,2779,2979,3060,3078,0,true
P0530,C09,CR319,2025-11-16,instagram,reel,522,1105,1306,1368,0,false
P0531,C09,CR129,2025-11-15,instagram,reel,169,323,382,382,0,false
P0532,C09,CR199,2025-11-11,instagram,reel,7365,13935,16502,16502,500,false
P0533,C09,CR373,2025-11-16,instagram,reel,1361,3052,3508,3675,0,false
P0534,C09,CR460,2025-11-02,instagram,carousel,88,246,283,283,0,false
P0535,C09,CR263,2025-11-10,instagram,reel,384,962,1103,1134,0,false
P0536,C09,CR036,2025-11-12,instagram,reel,122,239,280,292,0,false
P0537,C09,CR185,2025-11-19,instagram,carousel,41510,46070,47079,48364,500,true
P0538,C09,CR251,2025-11-07,instagram,reel,158,442,550,550,0,false
P0539,C09,CR017,2025-11-15,instagram,carousel,21,56,62,64,0,false
P0540,C09,CR229,2025-11-10,instagram,reel,95,260,287,304,0,false
P0541,C09,CR538,2025-11-16,instagram,reel,7694,20753,23469,24925,500,false
P0542,C09,CR253,2025-11-02,instagram,reel,932,2353,2678,2726,0,false
P0543,C09,CR031,2025-11-01,instagram,reel,75,197,235,238,0,false
P0544,C09,CR302,2025-11-06,instagram,carousel,43,89,103,116,0,false
P0545,C09,CR577,2025-11-18,instagram,reel,1628,4199,4424,5293,0,false
P0546,C09,CR548,2025-12-04,instagram,reel,60,127,135,146,0,false
P0547,C09,CR588,2025-11-25,instagram,carousel,252,672,772,820,0,false
P0548,C09,CR306,2025-10-31,instagram,reel,23,54,63,63,0,false
P0549,C09,CR428,2025-11-21,instagram,reel,6546,18373,21078,22710,500,false
P0550,C09,CR252,2025-11-16,instagram,reel,275,775,908,928,0,false
P0551,C09,CR090,2025-12-01,instagram,carousel,178,390,447,481,0,false
P0552,C10,CR339,2025-11-21,instagram,carousel,924,1863,2228,2272,0,false
P0553,C10,CR236,2026-01-08,instagram,reel,1465,3709,3844,4405,0,false
P0554,C10,CR169,2026-01-12,instagram,reel,16,42,47,53,0,false
P0555,C10,CR044,2025-12-08,instagram,reel,21523,45430,52793,56572,2290,false
P0556,C10,CR093,2025-12-18,instagram,reel,2970,5742,6252,6828,0,false
P0557,C10,CR239,2025-12-12,instagram,reel,4542,11200,13152,13779,460,false
P0558,C10,CR142,2025-12-01,instagram,reel,5600,15552,16932,19174,460,false
P0559,C10,CR415,2026-01-09,instagram,reel,20401,42005,49901,49901,2290,false
P0560,C10,CR362,2025-11-23,instagram,carousel,3384,9254,11064,11230,460,false
P0561,C10,CR075,2025-12-30,instagram,reel,110,261,290,307,0,false
P0562,C10,CR549,2025-11-22,instagram,reel,6684,17605,19828,21979,460,false
P0563,C10,CR106,2025-11-23,instagram,carousel,1814,3381,4186,4186,0,false
P0564,C10,CR227,2025-12-18,instagram,reel,15904,35173,39470,42331,460,false
P0565,C10,CR214,2026-01-02,instagram,reel,8864,17531,20634,20634,460,false
P0566,C10,CR344,2025-12-21,instagram,reel,7495,14782,16785,18171,460,false
P0567,C10,CR527,2025-11-14,instagram,reel,2383,5190,5727,6042,0,false
P0568,C10,CR166,2025-12-13,instagram,reel,4311,7921,9377,9614,0,false
P0569,C10,CR032,2026-01-23,instagram,carousel,5207,5575,5710,5785,0,true
P0570,C10,CR012,2025-11-23,instagram,reel,17640,37818,43779,43811,460,false
P0571,C10,CR358,2025-11-14,instagram,reel,44081,94129,116160,124181,2340,false
P0572,C10,CR510,2025-11-25,instagram,reel,1278,2966,3383,3807,0,false
P0573,C10,CR346,2025-11-18,instagram,reel,97325,247372,299371,304601,2340,false
P0574,C10,CR215,2025-12-21,instagram,reel,145480,276182,334487,334487,2340,false
P0575,C10,CR280,2025-12-27,instagram,carousel,204,447,545,545,0,false
P0576,C10,CR233,2025-12-11,instagram,reel,50174,108624,123134,127063,2340,false
P0577,C10,CR238,2025-11-20,instagram,reel,293,677,804,804,0,false
P0578,C10,CR391,2025-11-26,instagram,reel,6943,12702,14350,15820,460,false
P0579,C10,CR439,2025-12-12,instagram,reel,55227,102040,122547,122547,2340,false
P0580,C10,CR550,2026-01-09,instagram,reel,4677,9417,10473,10547,460,false
P0581,C10,CR397,2026-01-03,instagram,reel,242386,468295,533120,553103,23940,false
P0582,C10,CR555,2026-01-13,instagram,reel,9450,17944,21400,21714,460,false
P0583,C10,CR432,2026-01-05,instagram,reel,3144,5741,6820,6820,0,false
P0584,C10,CR016,2025-12-18,instagram,reel,1859,3583,3781,4049,0,false
P0585,C10,CR418,2026-01-19,instagram,reel,5134,10577,11337,13168,460,false
P0586,C10,CR246,2025-12-07,instagram,reel,17507,43239,49483,54768,2290,false
P0587,C10,CR223,2025-12-26,instagram,reel,18804,35528,42682,42682,460,false
P0588,C10,CR061,2025-11-15,instagram,reel,6281,12888,15154,15476,460,false
P0589,C10,CR404,2026-01-03,instagram,reel,4752,9385,10672,12407,460,false
P0590,C10,CR261,2026-01-17,instagram,reel,53512,55937,57405,57879,2290,true
P0591,C10,CR480,2025-12-29,instagram,reel,13803,29204,34885,34885,460,false
P0592,C10,CR355,2025-12-21,instagram,reel,14157,31050,36032,37773,460,false
P0593,C10,CR105,2025-11-13,instagram,reel,20005,52531,59495,62873,2290,false
P0594,C10,CR500,2025-11-24,instagram,reel,1386,3164,3592,3753,0,false
P0595,C10,CR156,2025-12-22,instagram,reel,12348,27142,31128,33532,460,false
P0596,C10,CR408,2025-12-11,instagram,carousel,6793,13116,15119,15895,460,false
P0597,C10,CR052,2026-01-05,instagram,carousel,486,1278,1500,1500,0,false
P0598,C10,CR104,2025-12-25,instagram,reel,13198,31022,36915,37454,460,false
P0599,C10,CR334,2026-01-19,instagram,reel,1382,3756,4161,4604,0,false
P0600,C10,CR563,2026-01-20,instagram,reel,210,432,499,499,0,false
P0601,C10,CR148,2025-12-11,instagram,reel,486,1279,1454,1454,0,false
P0602,C10,CR389,2025-11-26,instagram,reel,538,1275,1366,1455,0,false
P0603,C10,CR456,2025-12-11,instagram,carousel,6219,13017,14585,15659,460,false
P0604,C10,CR525,2026-01-21,instagram,reel,273,531,566,631,0,false
P0605,C10,CR345,2025-11-28,instagram,reel,1514,3272,3704,3974,0,false
P0606,C10,CR272,2025-12-24,instagram,reel,10618,25508,31054,31357,460,false
P0607,C10,CR087,2025-12-08,instagram,reel,33851,62713,71504,75049,2290,false
P0608,C10,CR430,2025-12-04,instagram,reel,57142,150021,177173,193430,2340,false
P0609,C10,CR049,2026-01-20,instagram,carousel,1956,4486,5255,5317,0,false
P0610,C10,CR058,2025-12-10,instagram,carousel,6277,13616,16231,16231,460,false
P0611,C10,CR294,2025-12-19,instagram,reel,129,333,409,409,0,false
P0612,C10,CR264,2025-12-08,instagram,reel,6186,11349,13032,13032,460,false
P0613,C10,CR165,2026-01-20,instagram,reel,260,473,536,580,0,false
P0614,C10,CR384,2026-01-06,instagram,reel,739,1833,2030,2281,0,false
P0615,C10,CR343,2025-12-05,instagram,reel,3376,9174,10636,10895,460,false
P0616,C10,CR588,2025-12-06,instagram,reel,19970,20389,20813,21043,460,true
P0617,C10,CR034,2025-11-27,instagram,reel,2094,4424,5226,5567,0,false
P0618,C10,CR570,2025-12-14,instagram,reel,4028,10412,11970,12572,460,false
P0619,C10,CR453,2025-11-24,instagram,carousel,51205,99406,106355,124474,2340,false
P0620,C10,CR326,2025-11-18,instagram,reel,18204,43576,49629,51759,2290,false
P0621,C10,CR544,2025-12-07,instagram,reel,2437,5703,6849,7100,0,false
P0622,C10,CR103,2025-11-17,instagram,carousel,540,1205,1399,1480,0,false
P0623,C10,CR040,2025-11-13,instagram,carousel,1431,3472,3762,4128,0,false
P0624,C10,CR596,2025-12-26,instagram,reel,5160,10287,12365,12621,460,false
P0625,C10,CR434,2025-12-21,instagram,carousel,15501,35522,41150,41150,460,false
P0626,C11,CR514,2025-11-20,instagram,carousel,1294,3353,3732,4075,0,false
P0627,C11,CR422,2025-11-21,instagram,reel,5335,13354,14563,16336,500,false
P0628,C11,CR561,2025-12-26,instagram,carousel,217,495,573,573,0,false
P0629,C11,CR146,2026-01-06,instagram,carousel,3927,8587,9923,10054,0,false
P0630,C11,CR316,2025-12-19,instagram,carousel,743,1563,1822,1822,0,false
P0631,C11,CR471,2025-11-30,instagram,reel,321,665,764,824,0,false
P0632,C11,CR164,2026-01-05,instagram,reel,190,421,494,527,0,false
P0633,C11,CR474,2025-12-04,instagram,reel,310,660,737,833,0,false
P0634,C11,CR118,2026-01-04,instagram,reel,2930,5576,5983,6949,0,false
P0635,C11,CR278,2025-11-26,instagram,reel,330,730,842,851,0,false
P0636,C11,CR368,2025-12-19,instagram,reel,118,322,359,408,0,false
P0637,C11,CR091,2025-11-14,instagram,reel,130,311,350,405,0,false
P0638,C11,CR031,2025-12-30,instagram,reel,1289,3002,3621,3621,0,false
P0639,C11,CR331,2025-12-13,instagram,reel,1164,3125,3500,3713,0,false
P0640,C11,CR333,2025-11-12,instagram,reel,6158,11365,13539,13698,500,false
P0641,C11,CR457,2025-12-06,instagram,reel,5349,11459,12847,14026,500,false
P0642,C11,CR524,2025-12-20,instagram,reel,100,259,282,310,0,false
P0643,C11,CR162,2025-11-30,instagram,carousel,2679,4878,5709,6180,0,false
P0644,C11,CR289,2025-12-10,instagram,reel,4563,9158,10136,11045,0,false
P0645,C11,CR069,2025-12-01,instagram,carousel,319,906,1013,1036,0,false
P0646,C11,CR591,2025-11-16,instagram,reel,1304,2708,3028,3200,0,false
P0647,C11,CR099,2026-01-02,instagram,carousel,14,38,44,44,0,false
P0648,C11,CR144,2025-12-25,instagram,carousel,119,307,342,366,0,false
P0649,C11,CR093,2025-11-10,instagram,reel,5817,12486,13917,14156,500,false
P0650,C11,CR130,2025-11-23,instagram,reel,5026,13569,15843,17414,500,false
P0651,C11,CR292,2025-11-23,instagram,carousel,697,1463,1686,1811,0,false
P0652,C11,CR583,2025-12-25,instagram,reel,434,1142,1327,1394,0,false
P0653,C11,CR391,2025-11-21,instagram,reel,4082,10759,11586,12099,500,false
P0654,C11,CR245,2025-12-31,instagram,carousel,603,1327,1489,1529,0,false
P0655,C11,CR035,2025-12-27,instagram,reel,8713,17647,19795,19795,500,false
P0656,C11,CR320,2025-12-08,instagram,carousel,237,540,613,639,0,false
P0657,C11,CR600,2025-12-31,instagram,carousel,98,203,238,238,0,false
P0658,C11,CR217,2025-12-12,instagram,carousel,2093,2236,2318,2318,0,true
P0659,C11,CR201,2026-01-06,instagram,reel,306,581,664,691,0,false
P0660,C11,CR022,2025-12-21,instagram,reel,1024,2423,2807,2899,0,false
P0661,C11,CR338,2025-12-21,instagram,reel,41,114,121,135,0,false
P0662,C11,CR075,2025-12-05,instagram,reel,2268,4218,4757,5143,0,false
P0663,C11,CR532,2025-11-29,instagram,reel,775,1757,2017,2118,0,false
P0664,C11,CR156,2025-11-25,instagram,reel,34622,66320,78255,83821,2000,false
P0665,C11,CR132,2025-12-26,instagram,carousel,2361,4775,5835,5976,0,false
P0666,C11,CR318,2025-12-11,instagram,carousel,81,172,191,200,0,false
P0667,C11,CR238,2025-12-24,instagram,reel,2407,4582,5084,5697,0,false
P0668,C11,CR304,2025-12-09,instagram,reel,173,408,451,526,0,false
P0669,C11,CR121,2025-11-17,instagram,reel,747,1922,2258,2402,0,false
P0670,C11,CR176,2025-12-08,instagram,reel,529,1419,1539,1759,0,false
P0671,C11,CR455,2025-11-10,instagram,carousel,120,243,274,287,0,false
P0672,C11,CR073,2025-12-30,instagram,reel,1188,3194,3668,3850,0,false
P0673,C11,CR280,2025-12-30,instagram,carousel,6165,6562,6823,6876,0,true
P0674,C11,CR592,2026-01-06,instagram,reel,28,60,65,74,0,false
P0675,C11,CR384,2025-11-12,instagram,carousel,3618,6674,7774,8114,0,false
P0676,C11,CR225,2025-11-11,instagram,reel,20271,57449,61397,68286,2000,false
P0677,C11,CR032,2025-12-15,instagram,reel,11969,26466,30080,32245,500,false
P0678,C11,CR389,2025-12-30,instagram,carousel,17398,46165,52305,55951,500,false
P0679,C11,CR379,2025-11-19,instagram,carousel,28,71,83,87,0,false
P0680,C11,CR005,2025-11-29,instagram,reel,2958,7557,8508,9131,0,false
P0681,C11,CR080,2025-11-18,instagram,carousel,306,582,671,726,0,false
P0682,C11,CR454,2025-12-15,instagram,carousel,539,1119,1258,1264,0,false
P0683,C11,CR208,2025-12-27,instagram,reel,55,122,148,148,0,false
P0684,C11,CR427,2025-12-03,instagram,carousel,101,287,300,348,0,false
P0685,C11,CR562,2025-11-16,instagram,carousel,53,139,151,165,0,false
P0686,C11,CR242,2025-12-12,instagram,reel,167,428,482,508,0,false
P0687,C11,CR124,2025-11-20,instagram,reel,5355,11769,13370,14215,500,false
P0688,C11,CR128,2025-12-26,instagram,reel,2599,5616,6806,6806,0,false
P0689,C11,CR206,2025-11-10,instagram,carousel,96,223,258,280,0,false
P0690,C11,CR421,2025-12-20,instagram,reel,3380,6706,7847,8478,0,false
P0691,C11,CR231,2025-12-04,instagram,reel,2756,2835,2924,2932,0,true
P0692,C11,CR085,2025-11-14,instagram,reel,1467,2758,3168,3357,0,false
P0693,C11,CR442,2025-12-08,instagram,reel,16424,41555,48616,48665,500,false
P0694,C11,CR357,2025-11-13,instagram,carousel,917,1810,2151,2196,0,false
P0695,C11,CR279,2025-12-22,instagram,reel,266,612,711,732,0,false
P0696,C11,CR302,2025-12-18,instagram,reel,691,1795,2201,2201,0,false
P0697,C11,CR133,2025-12-14,instagram,carousel,56,130,162,162,0,false
P0698,C11,CR284,2025-12-30,instagram,carousel,279,584,657,743,0,false
P0699,C11,CR380,2025-12-11,instagram,reel,821,1902,2298,2298,0,false
P0700,C11,CR526,2025-12-21,instagram,reel,95,216,267,267,0,false
P0701,C11,CR036,2025-12-26,instagram,carousel,336,897,1110,1110,0,false
P0702,C11,CR155,2025-12-05,instagram,reel,7730,16245,18044,20428,500,false
P0703,C12,CR453,2025-06-05,instagram,reel,47880,105933,120429,129910,0,false
P0704,C12,CR071,2025-07-02,instagram,carousel,31356,79390,85322,94446,0,false
P0705,C12,CR059,2025-06-11,instagram,reel,7896,18556,21245,21245,0,false
P0706,C12,CR486,2025-07-04,instagram,reel,15048,38340,44638,48071,0,false
P0707,C12,CR376,2025-05-30,instagram,carousel,20977,42848,48378,52230,0,false
P0708,C12,CR466,2025-05-21,instagram,carousel,49978,118520,130542,138357,0,false
P0709,C12,CR567,2025-06-21,instagram,reel,13675,35709,40378,42634,0,false
P0710,C12,CR160,2025-05-30,instagram,reel,53515,59452,61485,62380,0,true
P0711,C12,CR135,2025-05-25,instagram,carousel,2630,4947,5773,5773,0,false
P0712,C12,CR074,2025-06-26,instagram,reel,43550,115405,129980,138846,0,false
P0713,C12,CR092,2025-05-05,instagram,reel,15595,41221,49336,50206,0,false
P0714,C12,CR055,2025-07-02,instagram,reel,216734,520006,589897,609139,9730,false
P0715,C12,CR590,2025-07-12,instagram,reel,9633,20650,24832,25583,0,false
P0716,C12,CR439,2025-05-25,instagram,reel,37689,69074,81291,88653,0,false
P0717,C12,CR178,2025-05-23,instagram,reel,14369,30586,33689,36535,0,false
P0718,C12,CR233,2025-06-11,instagram,reel,149746,281972,320708,326866,9730,false
P0719,C12,CR127,2025-05-07,instagram,carousel,19594,20226,20889,20889,0,true
P0720,C12,CR355,2025-07-17,instagram,reel,4769,12140,13694,14951,0,false
P0721,C12,CR211,2025-07-09,instagram,reel,17178,41417,47382,50662,0,false
P0722,C12,CR354,2025-06-15,instagram,reel,33072,75449,84213,89366,0,false
P0723,C12,CR440,2025-05-11,instagram,reel,390459,911714,1152240,1152240,27080,false
P0724,C12,CR504,2025-07-12,instagram,reel,86773,180712,209994,210077,0,false
P0725,C12,CR086,2025-06-08,instagram,reel,53644,147143,164127,174733,0,false
P0726,C12,CR418,2025-05-23,instagram,reel,23161,44155,51695,54634,0,false
P0727,C12,CR547,2025-05-21,instagram,reel,36699,101843,113108,116800,0,false
P0728,C12,CR383,2025-06-02,instagram,reel,232922,576171,674824,685225,9730,false
P0729,C12,CR371,2025-05-11,instagram,carousel,23771,45961,53205,59678,0,false
P0730,C12,CR224,2025-07-21,instagram,reel,14960,33156,39389,40233,0,false
P0731,C12,CR412,2025-05-09,instagram,carousel,5958,11667,12966,13168,0,false
P0732,C12,CR420,2025-05-12,instagram,reel,14354,28609,33378,35031,0,false
P0733,C12,CR283,2025-05-28,instagram,reel,145267,299229,343793,349760,9730,false
P0734,C12,CR584,2025-06-09,instagram,reel,120079,269938,298941,340287,9730,false
P0735,C12,CR025,2025-06-18,instagram,reel,100359,186377,206737,233160,9730,false
P0736,C12,CR328,2025-06-30,instagram,reel,44701,101679,114489,114489,0,false
P0737,C12,CR484,2025-05-19,instagram,reel,9648,21214,24470,25554,0,false
P0738,C12,CR061,2025-05-27,instagram,reel,11875,22579,25153,26529,0,false
P0739,C12,CR314,2025-06-09,instagram,reel,487614,1197759,1382536,1444278,27080,false
P0740,C12,CR194,2025-05-20,instagram,reel,372651,994583,1151976,1151976,27080,false
P0741,C12,CR491,2025-07-27,instagram,reel,231464,507397,626226,647844,9730,false
P0742,C12,CR230,2025-07-07,instagram,carousel,11170,30558,35884,38134,0,false
P0743,C12,CR358,2025-07-13,instagram,reel,10507,19873,22139,23816,0,false
P0744,C12,CR336,2025-05-29,instagram,reel,9514,25583,30390,30390,0,false
P0745,C12,CR114,2025-07-12,instagram,reel,81972,183016,218103,218103,0,false
P0746,C12,CR308,2025-07-09,instagram,carousel,16560,47259,50488,56556,0,false
P0747,C12,CR405,2025-06-19,instagram,reel,29104,65346,69359,80869,0,false
P0748,C12,CR533,2025-05-19,instagram,reel,375264,804385,932911,955824,27080,false
P0749,C12,CR269,2025-07-05,instagram,reel,3276093,9002867,10280531,10366190,129730,false
P0750,C12,CR495,2025-05-04,instagram,reel,28340,66634,74970,78323,0,false
P0751,C12,CR589,2025-07-12,instagram,reel,34257,73453,84834,91514,0,false
P0752,C12,CR356,2025-05-14,instagram,reel,420864,858575,946173,1008029,27080,false
P0753,C12,CR372,2025-06-16,instagram,carousel,58130,121122,144636,151675,0,false
P0754,C12,CR186,2025-06-20,instagram,reel,5625121,11500215,13161343,14297425,129730,false
P0755,C12,CR151,2025-07-07,instagram,reel,944295,2577748,2946036,3079883,129730,false
P0756,C12,CR204,2025-05-27,instagram,reel,1330065,3096537,3461895,3712268,129730,false
P0757,C12,CR477,2025-06-06,instagram,carousel,1937,4355,5247,5247,0,false
P0758,C12,CR044,2025-06-23,instagram,carousel,8604,18071,21349,24218,0,false
P0759,C12,CR260,2025-05-29,instagram,reel,22981,65160,80493,80993,0,false
P0760,C12,CR058,2025-05-16,instagram,reel,1203,2233,2510,2683,0,false
P0761,C12,CR527,2025-06-16,instagram,carousel,1562,3973,4566,4942,0,false
P0762,C12,CR498,2025-05-31,instagram,carousel,272960,279907,288817,290165,9730,true
P0763,C12,CR464,2025-07-05,instagram,carousel,30549,68456,78258,85742,0,false
P0764,C12,CR450,2025-06-22,instagram,carousel,17246,33904,38470,39447,0,false
P0765,C12,CR568,2025-05-12,instagram,reel,89930,182729,209896,220368,0,false
P0766,C12,CR237,2025-06-22,instagram,reel,20963,40543,48204,48204,0,false
P0767,C12,CR555,2025-07-26,instagram,reel,35932,84985,98547,103438,0,false
P0768,C12,CR027,2025-06-05,instagram,reel,7311146,17411720,20803044,20803044,129730,false
P0769,C12,CR203,2025-06-22,instagram,carousel,601471,1319196,1518284,1557186,27080,false
P0770,C12,CR528,2025-05-30,instagram,reel,57840,106962,122850,127991,0,false
P0771,C12,CR296,2025-05-16,instagram,carousel,7368,19093,21478,23968,0,false
P0772,C12,CR191,2025-05-13,instagram,carousel,5174,11381,13927,13927,0,false
P0773,C12,CR215,2025-06-23,instagram,reel,113084,210694,230866,238439,9730,false
P0774,C12,CR432,2025-07-23,instagram,carousel,7465,19099,23824,23824,0,false
P0775,C12,CR197,2025-07-07,instagram,reel,100408,213441,247547,251141,9730,false
P0776,C12,CR588,2025-05-20,instagram,reel,4788,9074,10428,10428,0,false
P0777,C12,CR349,2025-06-20,instagram,carousel,36876,84245,99432,102704,0,false
P0778,C12,CR395,2025-07-17,instagram,reel,304925,794680,895399,970990,27080,false
P0779,C12,CR015,2025-07-02,instagram,reel,305849,598026,675408,698005,9730,false
P0780,C12,CR020,2025-07-10,instagram,reel,432312,935447,1084379,1181215,27080,false
P0781,C12,CR582,2025-07-26,instagram,reel,9394,25996,28658,31419,0,false
P0782,C12,CR290,2025-07-14,instagram,reel,156207,344665,373018,432763,9730,false
P0783,C12,CR180,2025-05-25,instagram,reel,33184,84699,98981,98981,0,false
P0784,C12,CR068,2025-06-29,instagram,carousel,103961,113892,117913,118162,0,true
P0785,C12,CR537,2025-07-16,instagram,carousel,914,2458,2731,2886,0,false
P0786,C13,CR188,2025-11-05,youtube,short,1614,4359,4952,5099,0,false
P0787,C13,CR317,2025-10-25,youtube,short,1449,2798,3121,3497,0,false
P0788,C13,CR291,2025-11-10,youtube,short,865,1811,2090,2102,0,false
P0789,C13,CR578,2025-10-13,youtube,long_form,164,467,524,592,0,false
P0790,C13,CR255,2025-11-04,youtube,short,576,1165,1283,1402,0,false
P0791,C13,CR507,2025-09-23,youtube,short,897,2118,2361,2388,0,false
P0792,C13,CR341,2025-10-11,youtube,long_form,73,133,154,154,0,false
P0793,C13,CR179,2025-11-22,youtube,long_form,106244,113740,117333,117333,5000,true
P0794,C13,CR014,2025-10-26,youtube,short,10725,11306,11637,11786,500,true
P0795,C13,CR168,2025-09-28,youtube,short,495,1029,1175,1248,0,false
P0796,C13,CR216,2025-11-27,youtube,short,62,129,156,156,0,false
P0797,C13,CR116,2025-11-10,youtube,short,2121,4627,5040,5480,0,false
P0798,C13,CR083,2025-10-06,youtube,short,29371,62755,70791,72100,2000,false
P0799,C13,CR259,2025-11-27,youtube,long_form,267,616,714,737,0,false
P0800,C13,CR209,2025-10-01,youtube,short,921,2012,2189,2444,0,false
P0801,C13,CR198,2025-11-14,youtube,short,1466,3144,3459,3797,0,false
P0802,C13,CR557,2025-11-05,youtube,short,23424,50647,57406,59684,2000,false
P0803,C13,CR406,2025-09-24,youtube,short,14145,27873,31409,31785,500,false
P0804,C13,CR274,2025-11-26,youtube,long_form,347,767,860,947,0,false
P0805,C13,CR184,2025-11-21,youtube,short,661,1228,1494,1494,0,false
P0806,C13,CR531,2025-11-15,youtube,short,42,94,105,116,0,false
P0807,C13,CR473,2025-09-20,youtube,short,7778,18823,20359,21518,500,false
P0808,C13,CR595,2025-10-01,youtube,short,555,1135,1341,1365,0,false
P0809,C13,CR399,2025-10-06,youtube,short,5479,13853,16262,16672,500,false
P0810,C13,CR370,2025-11-01,youtube,short,189,407,456,456,0,false
P0811,C13,CR419,2025-10-07,youtube,long_form,142,303,359,359,0,false
P0812,C13,CR232,2025-11-04,youtube,short,31681,77266,87592,90468,2000,false
P0813,C13,CR172,2025-09-24,youtube,long_form,92,184,213,225,0,false
P0814,C13,CR213,2025-10-05,youtube,short,675,1372,1622,1622,0,false
P0815,C13,CR342,2025-11-26,youtube,short,8698,16553,17466,18602,500,false
P0816,C13,CR325,2025-10-29,youtube,short,319,690,803,843,0,false
P0817,C14,CR209,2025-12-17,youtube,short,2336,5957,6543,7097,0,false
P0818,C14,CR377,2025-11-25,youtube,short,469,1211,1390,1464,0,false
P0819,C14,CR163,2026-01-08,youtube,short,3870,9976,11293,11776,0,false
P0820,C14,CR529,2025-11-28,youtube,long_form,4546,9401,10465,10724,0,false
P0821,C14,CR433,2026-01-19,youtube,short,21843,51794,59214,63549,2010,false
P0822,C14,CR309,2025-11-20,youtube,short,180,357,412,424,0,false
P0823,C14,CR401,2025-11-14,youtube,short,42643,85806,98880,98880,10830,false
P0824,C14,CR221,2025-11-26,youtube,short,98467,215043,242086,251181,10830,false
P0825,C14,CR329,2025-12-27,youtube,long_form,277,657,749,763,0,false
P0826,C14,CR077,2025-11-30,youtube,long_form,176,333,390,396,0,false
P0827,C14,CR473,2025-11-09,youtube,short,1867,5089,5261,6362,0,false
P0828,C14,CR323,2026-01-01,youtube,short,204,569,616,657,0,false
P0829,C14,CR300,2025-12-29,youtube,short,26288,50195,57664,60825,2010,false
P0830,C14,CR002,2025-11-13,youtube,short,3156,5768,7044,7044,0,false
P0831,C14,CR392,2025-12-10,youtube,short,7517,19400,22510,23634,2010,false
P0832,C14,CR033,2026-01-23,youtube,short,1304,3673,4090,4566,0,false
P0833,C14,CR543,2026-01-27,youtube,short,79722,197209,212588,244456,10830,false
P0834,C14,CR019,2025-12-13,youtube,short,2835,7667,8614,8909,0,false
P0835,C14,CR056,2026-01-23,youtube,long_form,195,412,457,492,0,false
P0836,C14,CR083,2025-12-24,youtube,short,2506,5125,5488,6079,0,false
P0837,C14,CR406,2025-12-24,youtube,short,549,1216,1436,1494,0,false
P0838,C14,CR232,2025-12-24,youtube,short,23151,45404,53058,55798,2010,false
P0839,C14,CR445,2025-12-01,youtube,short,13340,24697,28437,31347,2010,false
P0840,C14,CR312,2025-12-09,youtube,short,58390,109717,123833,136125,10830,false
P0841,C14,CR171,2025-12-17,youtube,short,17876,50535,60030,60030,2010,false
P0842,C14,CR363,2026-01-07,youtube,short,6990,14598,17667,17667,0,false
P0843,C14,CR317,2026-01-04,youtube,long_form,2909,5345,5602,6765,0,false
P0844,C14,CR107,2025-11-14,youtube,short,776,1627,1941,1941,0,false
P0845,C14,CR029,2026-01-19,youtube,short,3761,8134,9662,9662,0,false
P0846,C14,CR468,2025-12-11,youtube,short,2081,4405,5053,5275,0,false
P0847,C14,CR047,2026-01-03,youtube,short,11511,24523,27912,29372,2010,false
P0848,C14,CR190,2025-11-20,youtube,long_form,1368,3036,3507,3717,0,false
P0849,C14,CR173,2026-01-15,youtube,short,2289,4706,5235,5591,0,false
P0850,C14,CR248,2025-11-20,youtube,long_form,1498,3015,3352,3769,0,false
P0851,C14,CR010,2026-01-25,youtube,short,17845,50317,55905,60653,2010,false
P0852,C14,CR398,2025-12-18,youtube,long_form,6046,12178,15026,15026,0,false
P0853,C14,CR448,2026-01-10,youtube,short,2978,7226,8329,8329,0,false
P0854,C14,CR168,2025-12-21,youtube,short,2510,4906,5934,6319,0,false
P0855,C14,CR523,2026-01-03,youtube,short,143,351,404,422,0,false
P0856,C14,CR042,2025-11-19,youtube,long_form,6158,15960,18897,19282,0,false
P0857,C14,CR149,2025-11-20,youtube,short,1448,3682,3965,4232,0,false
P0858,C14,CR579,2026-01-20,youtube,short,28520,65853,77686,77686,2010,false
P0859,C14,CR402,2026-01-26,youtube,short,6104,12142,14017,14489,0,false
P0860,C14,CR399,2026-01-18,youtube,short,19966,56148,65457,66932,2010,false
P0861,C14,CR348,2025-11-11,youtube,short,653,1681,1945,1961,0,false
P0862,C14,CR400,2026-01-24,youtube,long_form,2018,4620,5748,5748,0,false
P0863,C14,CR521,2025-11-27,youtube,long_form,12376,34743,39882,42324,2010,false
P0864,C14,CR369,2025-11-16,youtube,short,23620,57993,68058,73022,2010,false
P0865,C14,CR265,2025-11-16,youtube,short,383389,815007,934007,953198,37810,false
P0866,C14,CR207,2025-11-22,youtube,long_form,110,224,274,274,0,false
P0867,C14,CR299,2026-01-19,youtube,long_form,9915,18079,20317,21133,2010,false
P0868,C14,CR545,2025-12-12,youtube,long_form,11785,23037,26394,26563,2010,false
P0869,C14,CR578,2025-11-24,youtube,short,1845,4843,5635,5992,0,false
P0870,C14,CR198,2026-01-13,youtube,long_form,4184,11658,13880,13880,0,false
P0871,C14,CR557,2025-11-29,youtube,short,2581,4736,5023,5882,0,false
P0872,C14,CR462,2025-12-13,youtube,short,914,1729,1966,2009,0,false
P0873,C14,CR508,2025-12-26,youtube,short,6719,13003,14503,16035,0,false
P0874,C14,CR509,2026-01-23,youtube,short,10119,21242,23805,25532,2010,false
P0875,C14,CR192,2026-01-21,youtube,short,7372,17900,20444,21404,2010,false
P0876,C14,CR295,2025-12-31,youtube,short,31735,63558,74033,78302,2010,false
P0877,C14,CR416,2025-12-24,youtube,short,178744,459134,547578,560923,37810,false
P0878,C14,CR179,2026-01-27,youtube,long_form,954,2275,2691,2691,0,false
P0879,C14,CR007,2026-01-07,youtube,long_form,5941,15899,19111,20157,0,false
P0880,C14,CR008,2026-01-20,youtube,short,26035,59069,67848,67848,2010,false
P0881,C15,CR088,2025-11-01,youtube,short,967,2154,2527,2594,0,false
P0882,C15,CR472,2025-11-02,youtube,short,8563,15781,18046,19953,500,false
P0883,C15,CR377,2025-11-23,youtube,long_form,199,404,463,483,0,false
P0884,C15,CR008,2025-12-02,youtube,short,14081,25990,28488,30078,500,false
P0885,C15,CR218,2025-11-12,youtube,short,191,371,450,450,0,false
P0886,C15,CR163,2025-11-29,youtube,short,43155,88903,99498,109868,2000,false
P0887,C15,CR274,2025-12-12,youtube,long_form,19,41,48,50,0,false
P0888,C15,CR270,2025-11-03,youtube,long_form,10,23,26,28,0,false
P0889,C15,CR363,2025-12-17,youtube,short,135,252,288,316,0,false
P0890,C15,CR171,2025-10-27,youtube,long_form,2476,6603,7258,7708,0,false
P0891,C15,CR259,2025-10-15,youtube,long_form,759,1979,2351,2631,0,false
P0892,C15,CR523,2025-11-23,youtube,long_form,11,27,30,34,0,false
P0893,C15,CR407,2025-12-11,youtube,short,1573,3926,4658,4824,0,false
P0894,C15,CR207,2025-11-12,youtube,long_form,13,31,34,38,0,false
P0895,C15,CR134,2025-11-21,youtube,short,160,399,451,501,0,false
P0896,C15,CR398,2025-11-29,youtube,long_form,238,623,715,758,0,false
P0897,C15,CR045,2025-12-06,youtube,long_form,59,140,143,157,0,false
P0898,C15,CR595,2025-11-04,youtube,short,3767,7441,8933,8933,0,false
P0899,C15,CR557,2025-11-01,youtube,short,200,534,622,622,0,false
P0900,C15,CR599,2025-11-19,youtube,long_form,2348,4665,5337,5401,0,false
P0901,C15,CR149,2025-11-10,youtube,long_form,51186,123154,137851,144133,5000,false
P0902,C15,CR125,2025-10-25,youtube,short,264,720,786,850,0,false
P0903,C15,CR219,2025-12-15,youtube,short,350,881,1015,1015,0,false
P0904,C15,CR063,2025-12-14,youtube,short,8206,17848,19282,22459,500,false
P0905,C15,CR255,2025-11-29,youtube,short,3795,7823,9718,9718,0,false
P0906,C15,CR312,2025-11-13,youtube,short,62254,120095,139057,144208,5000,false
P0907,C15,CR037,2025-10-28,youtube,short,617,1688,2024,2024,0,false
P0908,C15,CR213,2025-11-08,youtube,short,442,966,1111,1149,0,false
P0909,C15,CR387,2025-11-08,youtube,long_form,16,40,46,49,0,false
P0910,C15,CR038,2025-11-06,youtube,long_form,178,336,404,411,0,false
P0911,C15,CR216,2025-11-02,youtube,short,1068,2279,2688,2688,0,false
P0912,C15,CR221,2025-10-24,youtube,long_form,11499,27238,33485,34273,500,false
P0913,C15,CR030,2025-11-16,youtube,short,401,873,971,1031,0,false
P0914,C15,CR321,2025-10-13,youtube,short,11,30,35,36,0,false
P0915,C15,CR066,2025-11-15,youtube,short,132,344,395,439,0,false
P0916,C15,CR396,2025-12-01,youtube,short,1246,2314,2802,2901,0,false
P0917,C15,CR411,2025-11-03,youtube,short,695,1518,1920,1920,0,false
P0918,C15,CR426,2025-10-20,youtube,short,4453,10395,11993,12841,500,false
P0919,C15,CR578,2025-12-07,youtube,short,6705,13915,16583,17355,500,false
P0920,C15,CR192,2025-11-19,youtube,short,5598,12984,14533,14533,500,false
P0921,C15,CR476,2025-11-03,youtube,short,165,453,495,545,0,false
P0922,C15,CR265,2025-10-24,youtube,short,1575,3333,3712,4170,0,false
P0923,C15,CR188,2025-12-05,youtube,long_form,2277,2340,2432,2456,0,true
P0924,C15,CR019,2025-11-16,youtube,short,14975,41280,49651,49651,500,false
P0925,C15,CR273,2025-10-19,youtube,short,227,522,579,618,0,false
P0926,C15,CR534,2025-11-11,youtube,short,1523,3219,3553,3635,0,false
P0927,C15,CR173,2025-12-06,youtube,short,7744,14332,16944,18167,500,false
P0928,C15,CR531,2025-11-01,youtube,short,3410,9454,10741,11225,0,false
P0929,C15,CR332,2025-11-12,youtube,short,436,1033,1159,1274,0,false
P0930,C15,CR451,2025-10-26,youtube,short,15832,17590,18023,18411,500,true
P0931,C15,CR518,2025-12-10,youtube,long_form,35,91,103,106,0,false
P0932,C15,CR492,2025-10-21,youtube,long_form,44,91,106,107,0,false
P0933,C15,CR341,2025-10-23,youtube,long_form,416,977,1098,1155,0,false
P0934,C15,CR257,2025-12-04,youtube,short,8913,23788,26837,28209,500,false
P0935,C15,CR210,2025-12-11,youtube,short,385042,812806,920046,992819,15000,false
P0936,C15,CR140,2025-11-11,youtube,short,90,256,309,309,0,false
P0937,C15,CR011,2025-11-08,youtube,long_form,254,522,588,641,0,false
P0938,C15,CR047,2025-10-19,youtube,short,377,779,825,954,0,false
P0939,C15,CR116,2025-12-08,youtube,long_form,824,1604,1876,1911,0,false
P0940,C15,CR497,2025-10-14,youtube,short,347,816,935,976,0,false
P0941,C15,CR262,2025-12-16,youtube,long_form,1374,3138,3505,3505,0,false
P0942,C15,CR300,2025-12-08,youtube,long_form,9489,20258,23644,24420,500,false
P0943,C15,CR399,2025-11-18,youtube,short,8964,19669,22284,22727,500,false
P0944,C15,CR325,2025-11-14,youtube,short,612,1376,1530,1670,0,false
P0945,C15,CR323,2025-10-17,youtube,long_form,417,919,1047,1187,0,false
P0946,C15,CR436,2025-11-16,youtube,short,4862,11676,13100,14545,500,false
P0947,C15,CR082,2025-11-17,youtube,short,12119,25041,28665,30534,500,false
P0948,C15,CR268,2025-11-02,youtube,short,37729,40617,42193,42193,500,true
P0949,C15,CR291,2025-10-19,youtube,short,2297,5221,5914,6305,0,false
P0950,C15,CR327,2025-11-23,youtube,long_form,169,325,375,399,0,false
P0951,C16,CR033,2025-07-22,youtube,short,52209,55795,57888,57888,3940,true
P0952,C16,CR221,2025-07-29,youtube,long_form,1591,3513,4162,4162,0,false
P0953,C16,CR173,2025-07-07,youtube,short,1681,4558,5271,5516,0,false
P0954,C16,CR018,2025-07-30,youtube,short,87800,173238,210697,210697,7630,false
P0955,C16,CR209,2025-07-17,youtube,short,6046,13719,16499,17248,0,false
P0956,C16,CR363,2025-07-09,youtube,short,758,1777,2037,2192,0,false
P0957,C16,CR540,2025-07-07,youtube,short,82339,189266,216619,230705,7630,false
P0958,C16,CR171,2025-07-12,youtube,short,68924,157634,180203,189896,7630,false
P0959,C16,CR007,2025-07-09,youtube,short,18485,38442,47967,48227,1520,false
P0960,C16,CR083,2025-07-17,youtube,long_form,1111,2827,3270,3282,0,false
P0961,C16,CR248,2025-07-13,youtube,short,12365,31093,35952,40336,1520,false
P0962,C16,CR386,2025-07-05,youtube,long_form,11770,23077,26244,26440,1520,false
P0963,C16,CR324,2025-07-21,youtube,long_form,40194,77825,90230,93151,3940,false
P0964,C16,CR436,2025-07-17,youtube,long_form,238,594,613,708,0,false
P0965,C16,CR010,2025-07-19,youtube,long_form,706,1437,1588,1649,0,false
P0966,C16,CR300,2025-07-25,youtube,short,3049,8355,9782,10086,0,false
P0967,C16,CR449,2025-07-26,youtube,short,67565,160019,188272,190265,7630,false
P0968,C16,CR531,2025-08-02,youtube,long_form,16,31,38,38,0,false
P0969,C16,CR398,2025-07-28,youtube,short,53015,118434,139749,139749,7630,false
P0970,C16,CR399,2025-07-29,youtube,short,1531,3656,4025,4451,0,false
P0971,C16,CR198,2025-07-09,youtube,short,5497,10111,11602,11864,0,false
P0972,C16,CR063,2025-07-13,youtube,short,485473,1368947,1609448,1696348,16270,false
P0973,C16,CR149,2025-07-19,youtube,short,48600,51091,52941,53580,1520,true
P0974,C16,CR401,2025-08-04,youtube,long_form,9241,10021,10354,10464,0,true
P0975,C16,CR445,2025-08-02,youtube,short,110091,307295,362718,362718,7630,false
P0976,C16,CR433,2025-07-04,youtube,long_form,1003,2347,2779,2779,0,false
P0977,C16,CR473,2025-07-07,youtube,short,15698,37380,39560,42137,1520,false
P0978,C16,CR064,2025-07-16,youtube,long_form,3178,6192,7387,7458,0,false
P0979,C16,CR332,2025-07-22,youtube,short,167,466,524,554,0,false
P0980,C16,CR400,2025-07-31,youtube,short,9386,17254,18981,21963,0,false
P0981,C16,CR163,2025-07-16,youtube,short,30465,60200,67453,70532,3940,false
P0982,C16,CR317,2025-07-07,youtube,long_form,5294,14090,17118,17118,0,false
P0983,C16,CR462,2025-07-17,youtube,short,3213,8759,10003,11210,0,false
P0984,C16,CR057,2025-07-02,youtube,long_form,8012,19629,22030,24063,0,false
P0985,C16,CR274,2025-07-18,youtube,short,2001,3729,4172,4238,0,false
P0986,C16,CR179,2025-07-24,youtube,long_form,2135,4159,5105,5105,0,false
P0987,C16,CR257,2025-07-12,youtube,short,7668,8050,8312,8320,0,true
P0988,C16,CR309,2025-08-04,youtube,short,20841,50835,60631,60631,1520,false
P0989,C16,CR545,2025-07-27,youtube,long_form,33507,61806,69546,74087,3940,false
P0990,C16,CR509,2025-08-01,youtube,short,8659,23447,29051,29051,1520,false
P0991,C16,CR299,2025-07-31,youtube,short,26159,71953,76306,84458,3940,false
P0992,C16,CR392,2025-08-03,youtube,short,13114,33241,40668,43531,1520,false
P0993,C16,CR529,2025-07-01,youtube,short,56051,136098,152650,161283,7630,false
P0994,C16,CR472,2025-07-26,youtube,short,3752,8756,9653,10662,0,false
P0995,C16,CR523,2025-08-03,youtube,short,75,141,175,175,0,false
P0996,C16,CR265,2025-07-15,youtube,short,22069,46615,49829,56242,1520,false
P0997,C16,CR045,2025-08-01,youtube,short,570,1461,1778,1778,0,false
P0998,C16,CR476,2025-07-20,youtube,short,1525,3318,3762,3853,0,false
P0999,C16,CR232,2025-07-20,youtube,short,5302,14196,15815,16969,0,false
P1000,C16,CR077,2025-07-27,youtube,short,7097,17510,20802,20802,0,false
P1001,C16,CR595,2025-07-14,youtube,short,195,354,401,421,0,false
P1002,C16,CR521,2025-07-25,youtube,short,9543,18793,21069,22224,0,false
P1003,C16,CR190,2025-07-24,youtube,long_form,1968,4314,5104,5194,0,false
P1004,C16,CR377,2025-07-31,youtube,short,2995,7223,8206,8842,0,false
P1005,C16,CR369,2025-07-01,youtube,short,235,561,619,659,0,false
P1006,C16,CR258,2025-07-16,youtube,short,231131,490870,523691,584358,16270,false
P1007,C16,CR312,2025-07-27,youtube,short,18460,38639,49663,49663,1520,false
P1008,C16,CR050,2025-07-17,youtube,short,58823,154102,161925,199033,7630,false
P1009,C16,CR072,2025-08-02,youtube,long_form,255,525,616,643,0,false
P1010,C16,CR468,2025-07-10,youtube,long_form,339,763,866,900,0,false
P1011,C16,CR426,2025-07-22,youtube,short,3527,8222,9232,10015,0,false
P1012,C16,CR467,2025-07-04,youtube,short,185463,385312,424126,454082,16270,false
P1013,C16,CR448,2025-07-28,youtube,short,473,1219,1342,1408,0,false
P1014,C16,CR295,2025-07-19,youtube,long_form,2341,4863,5538,5873,0,false
P1015,C16,CR019,2025-08-04,youtube,long_form,454,1064,1213,1226,0,false
P1016,C16,CR047,2025-07-04,youtube,short,1702,3108,3578,3993,0,false
P1017,C16,CR008,2025-07-18,youtube,short,59096,112764,127108,135410,7630,false
P1018,C16,CR192,2025-07-28,youtube,long_form,939,1841,2298,2382,0,false
P1019,C16,CR327,2025-07-02,youtube,short,70,163,182,202,0,false
P1020,C16,CR402,2025-07-05,youtube,short,1627,3699,4406,4585,0,false
P1021,C16,CR168,2025-07-08,youtube,short,1688,3471,3898,4003,0,false
P1022,C16,CR210,2025-07-12,youtube,short,49704,133452,163235,163235,7630,false
P1023,C16,CR002,2025-07-16,youtube,long_form,941,2450,2908,2908,0,false
P1024,C16,CR579,2025-08-01,youtube,short,24258,46511,53604,54887,1520,false
P1025,C16,CR406,2025-07-22,youtube,short,6089,11944,13343,14465,0,false
P1026,C16,CR153,2025-07-04,youtube,short,8044,20671,22391,22685,0,false
P1027,C16,CR348,2025-07-21,youtube,short,1141,2204,2672,2714,0,false
P1028,C16,CR301,2025-07-23,youtube,short,2598,5023,6050,6248,0,false
P1029,C16,CR496,2025-07-02,youtube,short,49232,105724,122390,131323,7630,false
P1030,C16,CR599,2025-07-27,youtube,short,27159,53683,62485,64534,1520,false
P1031,C16,CR046,2025-07-14,youtube,short,8802,17643,19826,21911,0,false
P1032,C16,CR513,2025-07-20,youtube,short,11150,12207,12492,12782,0,true
P1033,C16,CR158,2025-07-03,youtube,short,362,900,1130,1130,0,false
P1034,C16,CR175,2025-07-13,youtube,short,37664,91700,99939,105829,7630,false
P1035,C16,CR038,2025-07-20,youtube,long_form,356,719,869,887,0,false
P1036,C16,CR492,2025-07-11,youtube,long_form,74,142,165,171,0,false
P1037,C16,CR014,2025-07-14,youtube,short,1563,3047,3354,3806,0,false
P1038,C16,CR037,2025-07-01,youtube,short,132,351,413,438,0,false
P1039,C16,CR187,2025-07-05,youtube,long_form,1216,3329,3894,4154,0,false
P1040,C16,CR082,2025-07-31,youtube,short,3501,7620,8787,10123,0,false
P1041,C16,CR325,2025-07-24,youtube,long_form,20,53,62,64,0,false
P1042,C16,CR011,2025-08-03,youtube,long_form,152,286,307,334,0,false
P1043,C16,CR273,2025-08-01,youtube,long_form,278,557,672,672,0,false
P1044,C16,CR546,2025-07-25,youtube,short,63752,148266,162214,180740,7630,false
P1045,C16,CR329,2025-07-24,youtube,short,161,430,489,508,0,false
P1046,C16,CR321,2025-07-30,youtube,long_form,50,122,142,142,0,false
P1047,C16,CR298,2025-07-09,youtube,short,5101,11876,13627,14851,0,false
P1048,C17,CR186,2025-09-03,instagram,reel,524850,1044163,1191910,1335343,15000,false
P1049,C17,CR100,2025-08-23,instagram,reel,652981,1632308,1747322,1971506,15000,false
P1050,C17,CR440,2025-09-17,instagram,reel,256352,610977,712368,738113,15000,false
P1051,C17,CR009,2025-09-09,instagram,reel,38271,95329,111999,115071,2000,false
P1052,C17,CR453,2025-06-30,instagram,reel,32004,59419,71527,71527,2000,false
P1053,C17,CR568,2025-08-21,instagram,reel,1071531,2290228,2473398,2733694,15000,false
P1054,C17,CR226,2025-09-16,instagram,carousel,30436,77246,88709,92284,2000,false
P1055,C17,CR512,2025-09-03,instagram,reel,8691,24567,27122,28808,500,false
P1056,C17,CR269,2025-09-06,instagram,reel,875861,1774890,1934507,2135658,15000,false
P1057,C17,CR071,2025-06-30,instagram,reel,12728,27073,29830,33211,500,false
P1058,C17,CR296,2025-07-29,instagram,carousel,5276,10002,11758,11758,500,false
P1059,C17,CR395,2025-09-01,instagram,reel,157614,298195,323616,355159,5000,false
P1060,C17,CR015,2025-07-24,instagram,reel,301620,779411,900777,1049969,15000,false
P1061,C17,CR089,2025-08-21,instagram,carousel,69866,163670,205142,205142,5000,false
P1062,C17,CR151,2025-08-01,instagram,reel,932938,2520485,2826653,3102475,15000,false
P1063,C17,CR203,2025-09-11,instagram,carousel,504193,944941,1069143,1159459,15000,false
P1064,C17,CR197,2025-09-12,instagram,carousel,222268,495673,568505,580713,5000,false
P1065,C17,CR356,2025-08-20,instagram,reel,1303295,3445143,3636915,4185190,15000,false
P1066,C17,CR027,2025-07-29,instagram,carousel,1075843,2112867,2515809,2515809,15000,false
P1067,C17,CR372,2025-07-29,instagram,reel,689852,1444086,1689929,1784744,15000,false
P1068,C17,CR194,2025-08-25,instagram,carousel,45027,117119,134368,135916,5000,false
P1069,C17,CR283,2025-09-05,instagram,reel,1716191,3635881,4320179,4320179,15000,false
P1070,C17,CR516,2025-08-27,instagram,reel,390286,883827,1005585,1086242,15000,false
P1071,C17,CR533,2025-07-21,instagram,reel,1434364,2664291,3086768,3328611,15000,false
P1072,C17,CR287,2025-07-01,instagram,reel,23397,53462,61298,63737,2000,false
P1073,C17,CR559,2025-06-23,instagram,carousel,651974,1519240,1602356,1863213,15000,false
P1074,C17,CR204,2025-07-17,instagram,reel,56988,105065,127491,127491,5000,false
P1075,C17,CR349,2025-09-08,instagram,reel,495484,922107,1013042,1131770,15000,false
P1076,C17,CR020,2025-08-04,instagram,reel,340498,830538,920893,951695,15000,false
P1077,C17,CR293,2025-08-14,instagram,reel,13070,32155,34209,38451,500,false
P1078,C17,CR430,2025-07-29,instagram,carousel,39514,76983,87147,88630,2000,false
P1079,C17,CR114,2025-08-07,instagram,reel,15190,29635,34300,34405,500,false
P1080,C17,CR043,2025-07-28,instagram,reel,9289,19803,23411,23790,500,false
P1081,C17,CR439,2025-07-15,instagram,reel,6702,18341,20594,20594,500,false
P1082,C17,CR237,2025-07-09,instagram,reel,13524,38574,42540,46570,500,false
P1083,C17,CR437,2025-06-27,instagram,reel,133927,142941,146633,147369,5000,true
P1084,C17,CR381,2025-09-22,instagram,carousel,1521,3484,4224,4224,0,false
P1085,C17,CR498,2025-08-23,instagram,carousel,7160,13978,16991,16991,500,false
P1086,C17,CR388,2025-07-13,instagram,carousel,1468,2846,3534,3534,0,false
P1087,C17,CR565,2025-09-11,instagram,carousel,234756,535070,582701,627811,15000,false
P1088,C17,CR528,2025-08-11,instagram,carousel,12049,27763,32762,33096,500,false
P1089,C17,CR180,2025-07-03,instagram,carousel,36821,37633,38764,39445,500,true
P1090,C17,CR065,2025-08-19,instagram,reel,80846,227935,267533,272262,5000,false
P1091,C17,CR136,2025-06-27,instagram,reel,16844,44695,51209,55688,500,false
P1092,C17,CR055,2025-08-05,instagram,reel,5679,14901,15919,18131,500,false
P1093,C17,CR376,2025-06-22,instagram,reel,58879,136435,152056,156355,5000,false
P1094,C17,CR371,2025-09-12,instagram,reel,52100,138703,156120,173862,5000,false
P1095,C17,CR211,2025-08-23,instagram,carousel,63221,125831,147344,147344,5000,false
P1096,C17,CR260,2025-09-05,instagram,carousel,2293,4530,5529,5529,0,false
P1097,C17,CR328,2025-07-17,instagram,reel,47324,110634,135462,135462,5000,false
P1098,C17,CR290,2025-09-18,instagram,reel,193222,360608,448306,448306,5000,false
P1099,C17,CR044,2025-08-17,instagram,reel,34509,86896,100358,109426,2000,false
P1100,C17,CR589,2025-07-25,instagram,reel,773106,1920164,2265598,2311226,15000,false
P1101,C17,CR571,2025-07-06,instagram,reel,115853,271585,303746,323603,5000,false
P1102,C17,CR405,2025-07-11,instagram,reel,9801,27360,32186,34457,500,false
P1103,C17,CR275,2025-08-18,instagram,reel,15658,28851,33198,33580,500,false
P1104,C17,CR567,2025-08-10,instagram,reel,5669,12649,15734,15860,500,false
P1105,C17,CR535,2025-09-15,instagram,reel,301559,562619,632545,684491,15000,false
P1106,C17,CR582,2025-07-31,instagram,carousel,34976,96191,99905,114007,2000,false
P1107,C17,CR340,2025-06-28,instagram,reel,33394,35032,35751,36521,500,true
P1108,C17,CR547,2025-09-13,instagram,reel,93627,98226,101959,101959,2000,true
P1109,C17,CR486,2025-09-15,instagram,reel,10405,25524,31382,31382,500,false
P1110,C17,CR520,2025-08-10,instagram,reel,15687,33541,38621,43175,500,false
P1111,C17,CR354,2025-07-24,instagram,carousel,34166,76858,91546,91546,2000,false
P1112,C17,CR461,2025-08-03,instagram,reel,42941,117147,130424,151327,5000,false
P1113,C17,CR122,2025-07-20,instagram,carousel,14406,36060,42524,43646,500,false
P1114,C17,CR383,2025-07-10,instagram,reel,3587,8303,9888,9915,0,false
P1115,C17,CR108,2025-09-14,instagram,carousel,3842,7427,8612,8702,0,false
P1116,C17,CR311,2025-07-06,instagram,reel,37734,86669,106295,107046,2000,false
P1117,C17,CR488,2025-07-18,instagram,reel,67101,130938,156108,156108,5000,false
P1118,C17,CR409,2025-06-21,instagram,reel,10023,20429,23424,24757,500,false
P1119,C17,CR450,2025-07-22,instagram,reel,55261,144787,163307,167472,5000,false
P1120,C17,CR594,2025-07-09,instagram,reel,29649,55057,57944,66133,2000,false
P1121,C17,CR484,2025-09-17,instagram,reel,556,1023,1285,1285,0,false
P1122,C17,CR189,2025-06-28,instagram,carousel,8927,16719,19785,20153,500,false
P1123,C17,CR074,2025-09-01,instagram,carousel,482178,500080,517412,517412,15000,true
P1124,C17,CR584,2025-09-06,instagram,reel,1153040,1267115,1310839,1323290,15000,true
P1125,C17,CR504,2025-07-08,instagram,reel,392833,1039638,1260085,1285157,15000,false
P1126,C17,CR137,2025-06-30,instagram,reel,5003,13983,16181,17399,500,false
P1127,C17,CR086,2025-07-03,instagram,reel,74434,137476,137476,169237,5000,false
P1128,C17,CR412,2025-07-05,instagram,reel,9485,25664,28338,32552,500,false
P1129,C17,CR061,2025-09-09,instagram,reel,7138,17646,20659,23057,500,false
P1130,C17,CR336,2025-09-05,instagram,reel,8960,19722,22459,23116,500,false
P1131,C17,CR593,2025-09-20,instagram,reel,17255,39550,49789,49789,500,false
P1132,C17,CR230,2025-07-17,instagram,reel,32141,67511,74978,87253,2000,false
P1133,C17,CR495,2025-06-27,instagram,carousel,11474,22238,25242,27837,500,false
P1134,C17,CR025,2025-07-07,instagram,reel,487305,1102451,1391934,1391934,15000,false
P1135,C17,CR142,2025-06-27,instagram,reel,13348,33922,39855,42123,500,false
P1136,C17,CR092,2025-08-04,instagram,carousel,6773,17498,21255,21704,500,false
P1137,C17,CR364,2025-06-25,instagram,carousel,15919,30686,35877,36472,500,false
P1138,C17,CR491,2025-09-12,instagram,carousel,641,1435,1795,1795,0,false
P1139,C17,CR041,2025-08-28,instagram,reel,64729,140178,168066,168066,5000,false
P1140,C17,CR470,2025-08-28,instagram,carousel,9938,18263,21292,21852,500,false
P1141,C17,CR418,2025-08-05,instagram,reel,40389,77239,84033,87628,2000,false
P1142,C17,CR233,2025-08-20,instagram,carousel,854,1702,1961,1980,0,false
P1143,C17,CR214,2025-08-19,instagram,reel,17927,37696,41056,45152,500,false
P1144,C17,CR123,2025-07-05,instagram,reel,23428,44100,50311,53454,500,false
P1145,C17,CR191,2025-08-06,instagram,reel,17637,43770,52439,52439,500,false
P1146,C17,CR429,2025-09-11,instagram,reel,6396,15569,17283,18620,500,false
P1147,C18,CR559,2025-01-13,instagram,reel,840010,1808761,2135006,2241626,0,false
P1148,C18,CR237,2025-03-19,instagram,reel,10510,25798,30445,30445,0,false
P1149,C18,CR044,2025-03-16,instagram,reel,7083,19228,21283,23502,0,false
P1150,C18,CR269,2025-01-30,instagram,reel,645498,1641710,1841963,2007735,0,false
P1151,C18,CR440,2025-01-06,instagram,carousel,465593,1163122,1277535,1481110,0,false
P1152,C18,CR191,2025-03-16,instagram,reel,35068,77174,88345,100994,0,false
P1153,C18,CR015,2025-01-13,instagram,carousel,181636,487494,539392,576574,0,false
P1154,C18,CR074,2025-03-03,instagram,carousel,3231,7247,8507,8769,0,false
P1155,C18,CR356,2025-03-04,instagram,reel,262505,618533,709269,723390,0,false
P1156,C18,CR376,2025-03-09,instagram,reel,120394,282704,323161,326314,0,false
P1157,C18,CR395,2025-02-07,instagram,reel,54428,114455,128777,128777,0,false
P1158,C18,CR194,2025-03-20,instagram,reel,75623,198685,207936,242888,0,false
P1159,C18,CR020,2025-03-03,instagram,reel,178740,472341,508195,583426,0,false
P1160,C18,CR533,2025-04-01,instagram,reel,4853791,9728498,12131204,12131204,523210,false
P1161,C18,CR027,2025-02-25,instagram,carousel,119224,278410,332429,333636,0,false
P1162,C18,CR296,2025-03-24,instagram,reel,5776,11619,12925,14163,0,false
P1163,C18,CR372,2025-02-17,instagram,reel,2162429,4206620,4797360,5058637,523210,false
P1164,C18,CR340,2025-03-16,instagram,reel,85223,167669,188474,201073,0,false
P1165,C18,CR233,2025-03-31,instagram,reel,7443,19548,23115,25579,0,false
P1166,C18,CR203,2025-02-04,instagram,reel,8334405,8858616,9054550,9239425,523210,true
P1167,C18,CR197,2025-03-23,instagram,reel,1058930,2872054,3343275,3343275,165560,false
P1168,C18,CR349,2025-02-02,instagram,reel,244212,447745,509737,531360,0,false
P1169,C18,CR089,2025-02-14,instagram,reel,70176,150326,167645,172020,0,false
P1170,C18,CR593,2025-01-31,instagram,reel,14569,40627,46456,48280,0,false
P1171,C18,CR439,2025-01-26,instagram,reel,6080,12387,13655,14316,0,false
P1172,C18,CR516,2025-03-19,instagram,reel,65406,137666,162222,172555,0,false
P1173,C18,CR186,2025-02-09,instagram,reel,535480,1462422,1657594,1657594,0,false
P1174,C18,CR283,2025-03-11,instagram,carousel,160240,451457,492626,540231,0,false
P1175,C18,CR151,2025-03-27,instagram,reel,242413,472959,538788,576196,0,false
P1176,C18,CR100,2025-03-31,instagram,reel,565500,1160784,1248034,1393345,0,false
P1177,C18,CR204,2025-02-01,instagram,reel,37769,86758,95105,102181,0,false
P1178,C18,CR025,2025-01-06,instagram,reel,46442,110216,134338,136230,0,false
P1179,C18,CR358,2025-02-21,instagram,reel,34614,66273,73258,84028,0,false
P1180,C19,CR344,2025-10-10,instagram,carousel,11167,20624,24691,24691,500,false
P1181,C19,CR410,2025-12-09,instagram,reel,38,95,105,112,0,false
P1182,C19,CR253,2025-10-17,instagram,carousel,502,1158,1286,1395,0,false
P1183,C19,CR091,2025-09-28,instagram,reel,21,61,68,74,0,false
P1184,C19,CR252,2025-11-06,instagram,reel,113,226,269,275,0,false
P1185,C19,CR374,2025-10-07,instagram,reel,497,906,1079,1079,0,false
P1186,C19,CR201,2025-10-31,instagram,reel,47,89,105,105,0,false
P1187,C19,CR519,2025-11-23,instagram,carousel,120,329,374,374,0,false
P1188,C19,CR129,2025-12-15,instagram,carousel,33,78,96,96,0,false
P1189,C19,CR391,2025-10-15,instagram,carousel,2553,5511,6004,6616,0,false
P1190,C19,CR236,2025-12-21,instagram,reel,226,622,700,774,0,false
P1191,C19,CR035,2025-12-07,instagram,reel,1145,2153,2494,2707,0,false
P1192,C19,CR454,2025-10-24,instagram,carousel,1855,4126,4710,4782,0,false
P1193,C19,CR048,2025-10-14,instagram,carousel,266,756,837,927,0,false
P1194,C19,CR591,2025-10-04,instagram,carousel,125,253,305,309,0,false
P1195,C19,CR120,2025-10-06,instagram,reel,9436,21973,25057,27995,500,false
P1196,C19,CR080,2025-11-02,instagram,reel,1449,2635,3082,3343,0,false
P1197,C19,CR553,2025-11-11,instagram,reel,1085,2107,2533,2606,0,false
P1198,C19,CR456,2025-11-06,instagram,reel,4558,9438,11575,11575,0,false
P1199,C19,CR246,2025-12-05,instagram,reel,3370,6556,7253,7674,0,false
P1200,C19,CR022,2025-12-15,instagram,carousel,28,75,87,91,0,false
P1201,C19,CR261,2025-10-12,instagram,reel,1313,3608,4180,4556,0,false
P1202,C19,CR490,2025-11-30,instagram,carousel,2505,2782,2885,2885,0,true
P1203,C19,CR144,2025-09-29,instagram,reel,381,861,989,1024,0,false
P1204,C19,CR306,2025-11-15,instagram,carousel,1295,1363,1398,1409,0,true
P1205,C19,CR031,2025-11-22,instagram,reel,98,270,322,323,0,false
P1206,C19,CR379,2026-01-02,instagram,reel,1672,4109,4855,5104,0,false
P1207,C19,CR040,2025-11-17,instagram,reel,8263,16235,18831,19201,500,false
P1208,C19,CR338,2025-10-08,instagram,carousel,20,36,40,44,0,false
P1209,C19,CR583,2025-11-01,instagram,reel,2610,6015,6901,7221,0,false
P1210,C19,CR021,2025-11-10,instagram,reel,478,1010,1100,1106,0,false
P1211,C19,CR208,2025-12-28,instagram,reel,242,530,608,654,0,false
P1212,C19,CR489,2025-10-17,instagram,reel,350,388,401,403,0,true
P1213,C19,CR514,2025-12-22,instagram,reel,1781,4263,5063,5100,0,false
P1214,C19,CR367,2025-10-26,instagram,reel,18389,19387,20003,20099,500,true
P1215,C19,CR004,2025-12-10,instagram,reel,770,850,884,885,0,true
P1216,C19,CR460,2025-10-08,instagram,reel,56,118,136,138,0,false
P1217,C19,CR355,2025-12-27,instagram,reel,4797,11386,13515,13515,500,false
P1218,C19,CR132,2025-11-04,instagram,reel,618,1144,1263,1522,0,false
P1219,C19,CR062,2025-12-17,instagram,reel,196,214,221,223,0,true
P1220,C19,CR231,2025-10-03,instagram,reel,18,37,45,45,0,false
P1221,C19,CR431,2025-10-21,instagram,carousel,84,239,276,297,0,false
P1222,C19,CR279,2025-10-09,instagram,carousel,2451,5991,6949,6949,0,false
P1223,C19,CR408,2025-12-06,instagram,reel,1919,4323,4824,5286,0,false
P1224,C19,CR561,2025-10-12,instagram,reel,46,95,108,119,0,false
P1225,C19,CR081,2025-11-11,instagram,reel,29174,54387,59693,67594,2000,false
P1226,C19,CR368,2025-11-05,instagram,reel,152,421,513,513,0,false
P1227,C19,CR413,2025-12-09,instagram,reel,817,1987,2325,2400,0,false
P1228,C19,CR334,2025-12-30,instagram,reel,745,1753,2029,2276,0,false
P1229,C19,CR532,2025-11-17,instagram,reel,193,354,444,444,0,false
P1230,C19,CR012,2025-11-20,instagram,reel,1806,3712,4339,4339,0,false
P1231,C19,CR282,2025-10-23,instagram,reel,1705,3904,4564,4724,0,false
P1232,C19,CR017,2025-11-04,instagram,reel,180,348,421,425,0,false
P1233,C19,CR240,2025-10-16,instagram,reel,466,1102,1331,1331,0,false
P1234,C19,CR500,2025-11-19,instagram,reel,10178,18867,22819,23763,500,false
P1235,C19,CR382,2025-12-23,instagram,carousel,540,1100,1254,1342,0,false
P1236,C19,CR586,2026-01-02,instagram,reel,2516,2738,2797,2856,0,true
P1237,C19,CR244,2025-11-25,instagram,carousel,2293,4445,5031,5408,0,false
P1238,C19,CR304,2025-11-17,instagram,carousel,154,345,407,407,0,false
P1239,C19,CR176,2025-12-02,instagram,reel,221,480,566,566,0,false
P1240,C19,CR205,2025-10-26,instagram,reel,6508,14979,18234,18460,500,false
P1241,C19,CR079,2025-12-18,instagram,reel,4744,13542,15772,15772,500,false
P1242,C19,CR099,2025-10-07,instagram,reel,80,227,277,277,0,false
P1243,C19,CR393,2025-11-02,instagram,reel,4321,9667,11337,11859,0,false
P1244,C19,CR069,2025-10-05,instagram,reel,226,548,607,673,0,false
P1245,C19,CR196,2025-12-26,instagram,reel,1021,2313,2723,2748,0,false
P1246,C19,CR600,2025-11-04,instagram,reel,277,784,940,940,0,false
P1247,C19,CR510,2025-11-12,instagram,reel,89,202,236,239,0,false
P1248,C19,CR373,2025-10-14,instagram,reel,1412,3380,3778,4157,0,false
P1249,C19,CR494,2025-11-14,instagram,carousel,1980,5482,6695,6935,0,false
P1250,C19,CR550,2025-11-25,instagram,reel,618,1452,1612,1725,0,false
P1251,C19,CR566,2025-12-31,instagram,reel,414,831,987,1047,0,false
P1252,C19,CR169,2025-11-12,instagram,reel,11556,11947,12320,12510,500,true
P1253,C19,CR119,2025-12-04,instagram,reel,2227,4246,4612,5008,0,false
P1254,C19,CR555,2025-10-05,instagram,reel,2751,7621,8978,9322,0,false
P1255,C19,CR511,2025-11-25,instagram,reel,663,1503,1827,1845,0,false
P1256,C19,CR185,2025-10-28,instagram,reel,2053,3957,4696,4912,0,false
P1257,C19,CR052,2025-12-23,instagram,reel,1886,4048,4688,5058,0,false
P1258,C19,CR228,2025-11-03,instagram,reel,444,908,998,1010,0,false
P1259,C19,CR272,2025-11-26,instagram,reel,5900,14763,16783,16783,500,false
P1260,C19,CR094,2025-12-14,instagram,reel,80,216,260,260,0,false
P1261,C19,CR588,2025-10-05,instagram,reel,1799,5138,6287,6287,0,false
P1262,C19,CR217,2025-10-16,instagram,reel,15159,27659,32129,32959,500,false
P1263,C19,CR501,2025-10-25,instagram,reel,302,620,664,791,0,false
P1264,C19,CR389,2025-11-26,instagram,reel,5834,15643,18869,19257,500,false
P1265,C19,CR359,2025-09-28,instagram,reel,33005,34787,36175,36175,500,true
P1266,C19,CR474,2025-11-25,instagram,carousel,107,204,235,247,0,false
P1267,C19,CR307,2025-11-07,instagram,reel,9460,19638,22515,22799,500,false
P1268,C19,CR054,2025-10-17,instagram,reel,154,340,391,420,0,false
P1269,C19,CR481,2025-11-13,instagram,reel,1140,2422,2656,2944,0,false
P1270,C19,CR331,2025-10-06,instagram,reel,3277,6731,8254,8359,0,false
P1271,C19,CR288,2025-11-19,instagram,reel,2437,6123,7190,7257,0,false
P1272,C19,CR182,2025-10-21,instagram,carousel,35,70,82,85,0,false
P1273,C19,CR335,2025-10-26,instagram,reel,573,1103,1288,1320,0,false
P1274,C19,CR471,2025-10-17,instagram,reel,405,866,931,1077,0,false
P1275,C19,CR357,2025-12-09,instagram,reel,106,242,276,280,0,false
P1276,C19,CR423,2025-09-30,instagram,carousel,717,1699,1967,1967,0,false
P1277,C19,CR225,2025-11-29,instagram,reel,1492,3807,4483,4910,0,false
P1278,C19,CR112,2025-12-09,instagram,reel,510,1147,1411,1455,0,false
P1279,C20,CR074,2025-11-23,instagram,reel,6331,16317,17853,19858,0,false
P1280,C20,CR136,2025-12-09,instagram,reel,3915,8117,9767,10026,0,false
P1281,C20,CR354,2025-12-28,instagram,reel,547612,1176276,1360481,1407324,14040,false
P1282,C20,CR138,2026-01-03,instagram,carousel,9567,18542,21500,22931,0,false
P1283,C20,CR186,2025-11-22,instagram,reel,795086,1561718,1880955,1927054,14040,false
P1284,C20,CR381,2025-12-01,instagram,reel,3325,7764,9471,9471,0,false
P1285,C20,CR142,2025-11-22,instagram,reel,1345,3492,4112,4320,0,false
P1286,C20,CR025,2025-12-17,instagram,reel,31233,58082,64851,64851,0,false
P1287,C20,CR563,2025-11-29,instagram,reel,106,291,321,359,0,false
P1288,C20,CR383,2026-01-02,instagram,reel,11335,30881,35057,38216,0,false
P1289,C20,CR466,2025-12-07,instagram,reel,37707,69502,85881,85881,0,false
P1290,C20,CR165,2025-12-09,instagram,reel,868,1929,2217,2276,0,false
P1291,C20,CR137,2025-11-14,instagram,reel,49437,132178,150784,166423,0,false
P1292,C20,CR122,2025-11-14,instagram,reel,7678,17437,19918,21573,0,false
P1293,C20,CR559,2025-12-16,instagram,reel,648257,1810550,2105268,2185777,14040,false
P1294,C20,CR488,2025-12-12,instagram,reel,41263,100701,112969,121774,0,false
P1295,C20,CR237,2025-11-21,instagram,reel,3378,7657,8870,9667,0,false
P1296,C20,CR032,2025-12-22,instagram,reel,4914,13325,15770,16306,0,false
P1297,C20,CR470,2025-12-08,instagram,reel,8378,17207,19644,19644,0,false
P1298,C20,CR161,2025-11-12,instagram,reel,19976,47071,53632,59807,0,false
P1299,C20,CR450,2025-12-01,instagram,reel,15135,40214,49831,49831,0,false
P1300,C20,CR418,2025-11-14,instagram,reel,28178,55566,64839,69089,0,false
P1301,C20,CR465,2025-12-21,instagram,reel,1561,3791,4781,4781,0,false
P1302,C20,CR350,2026-01-06,instagram,reel,77797,200284,221113,246908,9070,false
P1303,C20,CR191,2025-12-29,instagram,reel,9531,23671,28820,28820,0,false
P1304,C20,CR086,2025-12-09,instagram,carousel,7624,15532,18733,18733,0,false
P1305,C20,CR044,2025-12-06,instagram,reel,444784,458420,471587,473826,14040,true
P1306,C20,CR520,2025-12-24,instagram,reel,142712,313697,392656,392656,9070,false
P1307,C20,CR453,2025-12-13,instagram,reel,17045,33126,38184,42387,0,false
P1308,C20,CR293,2025-12-12,instagram,reel,10687,28646,30701,32918,0,false
P1309,C20,CR446,2025-12-07,instagram,reel,1287,2362,2735,2979,0,false
P1310,C20,CR167,2025-12-12,instagram,reel,310918,825325,906929,969944,14040,false
P1311,C20,CR108,2025-12-22,instagram,carousel,10941,21308,25086,28184,0,false
P1312,C20,CR458,2025-11-26,instagram,reel,62760,115618,132024,137523,0,false
P1313,C20,CR269,2025-12-30,instagram,reel,1152895,2274352,2650388,2650388,141850,false
P1314,C20,CR043,2025-12-26,instagram,carousel,3602,9146,10162,11750,0,false
P1315,C20,CR484,2025-11-18,instagram,reel,11192,25050,26668,29693,0,false
P1316,C20,CR582,2025-12-08,instagram,reel,58796,128463,151934,151934,0,false
P1317,C20,CR344,2025-12-25,instagram,carousel,1488,2786,3291,3291,0,false
P1318,C20,CR283,2025-11-14,instagram,reel,427107,787864,890540,924867,14040,false
P1319,C20,CR084,2026-01-04,instagram,reel,1875,3795,4250,4429,0,false
P1320,C20,CR429,2025-11-26,instagram,reel,11586,24383,29842,29842,0,false
P1321,C20,CR340,2026-01-02,instagram,reel,4351,9514,10545,11081,0,false
P1322,C20,CR314,2025-11-30,instagram,carousel,4514,12502,14621,15637,0,false
P1323,C20,CR533,2025-11-19,instagram,reel,367152,726605,812461,845221,14040,false
P1324,C20,CR230,2025-12-21,instagram,carousel,40413,82020,92679,92816,0,false
P1325,C20,CR211,2025-12-27,instagram,carousel,39411,84676,90332,104320,0,false
P1326,C20,CR330,2025-12-15,instagram,reel,12445,30877,38142,38142,0,false
P1327,C20,CR328,2025-12-08,instagram,carousel,139489,387620,417481,467084,9070,false
P1328,C20,CR364,2025-11-27,instagram,reel,10800,28760,32057,37788,0,false
P1329,C20,CR244,2025-11-27,instagram,reel,5383,15186,17724,19266,0,false
P1330,C20,CR349,2025-12-10,instagram,reel,746968,1436393,1704836,1704836,14040,false
P1331,C20,CR235,2025-11-15,instagram,reel,308,585,684,718,0,false
P1332,C20,CR311,2025-12-14,instagram,carousel,24926,59216,67957,67957,0,false
P1333,C20,CR464,2025-11-18,instagram,reel,581209,1208393,1323122,1459212,14040,false
P1334,C20,CR055,2025-11-17,instagram,reel,44457,83306,99090,99090,0,false
P1335,C20,CR593,2025-11-29,instagram,reel,9353,19534,22501,22618,0,false
P1336,C20,CR440,2025-12-28,instagram,carousel,362505,680026,772596,841617,14040,false
P1337,C20,CR376,2025-12-31,instagram,reel,16092,36805,41657,44978,0,false
P1338,C20,CR547,2025-11-27,instagram,carousel,5809,14922,16064,17330,0,false
P1339,C20,CR061,2025-11-15,instagram,reel,7083,13028,15790,16193,0,false
P1340,C20,CR576,2025-12-27,instagram,reel,98834,238089,270640,270640,9070,false
P1341,C20,CR092,2025-11-18,instagram,reel,5110,9874,11747,12480,0,false
P1342,C20,CR114,2025-12-31,instagram,reel,40135,106715,125612,129096,0,false
P1343,C20,CR491,2025-11-12,instagram,reel,8121,17290,20222,21395,0,false
P1344,C20,CR512,2025-12-02,instagram,reel,39225,93109,108839,115854,0,false
P1345,C20,CR035,2026-01-06,instagram,carousel,2749,7390,8759,9507,0,false
P1346,C20,CR584,2026-01-06,instagram,reel,21231,42768,51510,51841,0,false
P1347,C20,CR504,2026-01-07,instagram,reel,53901,98948,122139,122139,0,false
P1348,C20,CR215,2025-12-27,instagram,reel,29004,80289,90720,103979,0,false
P1349,C20,CR089,2025-12-05,instagram,reel,1780876,3627502,4159807,4182290,141850,false
P1350,C20,CR233,2025-12-10,instagram,carousel,47955,90960,103362,109596,0,false
P1351,C20,CR384,2025-12-12,instagram,reel,3114,6517,7548,7548,0,false
P1352,C20,CR486,2025-11-14,instagram,reel,17636,33713,38730,41015,0,false
P1353,C21,CR218,2025-07-17,youtube,short,89,163,200,200,0,false
P1354,C21,CR473,2025-07-20,youtube,short,198336,442344,478018,534831,5000,false
P1355,C21,CR301,2025-06-22,youtube,long_form,579,1133,1402,1402,0,false
P1356,C21,CR168,2025-08-06,youtube,long_form,562,1301,1479,1573,0,false
P1357,C21,CR411,2025-06-29,youtube,short,216,509,576,603,0,false
P1358,C21,CR101,2025-08-06,youtube,short,109,252,293,293,0,false
P1359,C21,CR425,2025-08-07,youtube,short,36,82,98,98,0,false
P1360,C21,CR396,2025-06-23,youtube,long_form,159,394,471,498,0,false
P1361,C21,CR088,2025-06-26,youtube,short,133,296,362,362,0,false
P1362,C21,CR309,2025-08-03,youtube,short,798,1600,1727,1897,0,false
P1363,C21,CR531,2025-07-29,youtube,short,23,47,55,55,0,false
P1364,C21,CR033,2025-08-04,youtube,short,4502,8383,9587,9987,0,false
P1365,C21,CR158,2025-08-05,youtube,short,786,1741,2156,2173,0,false
P1366,C21,CR198,2025-07-21,youtube,short,6005,12743,14989,16035,500,false
P1367,C21,CR321,2025-08-02,youtube,short,254,514,573,632,0,false
P1368,C21,CR030,2025-07-18,youtube,long_form,28,53,58,61,0,false
P1369,C21,CR270,2025-07-27,youtube,short,5803,13772,16361,16361,500,false
P1370,C21,CR207,2025-07-20,youtube,short,292,541,610,629,0,false
P1371,C21,CR273,2025-07-14,youtube,short,4564,10213,11053,12716,500,false
P1372,C21,CR599,2025-07-15,youtube,short,9373,20594,23547,23848,500,false
P1373,C21,CR056,2025-07-08,youtube,long_form,124,329,371,438,0,false
P1374,C21,CR521,2025-08-02,youtube,short,7152,16788,19950,21690,500,false
P1375,C21,CR172,2025-07-14,youtube,short,94,188,222,222,0,false
P1376,C21,CR392,2025-07-17,youtube,short,3621,9373,10471,10529,0,false
P1377,C21,CR327,2025-07-20,youtube,long_form,319,662,789,816,0,false
P1378,C21,CR011,2025-06-27,youtube,short,84,159,174,191,0,false
P1379,C21,CR216,2025-07-28,youtube,short,175,326,368,375,0,false
P1380,C21,CR115,2025-08-07,youtube,short,179,496,561,626,0,false
P1381,C21,CR451,2025-08-01,youtube,short,547,1090,1298,1298,0,false
P1382,C21,CR259,2025-06-26,youtube,short,1010,2381,2637,2923,0,false
P1383,C21,CR038,2025-07-29,youtube,long_form,332,643,696,796,0,false
P1384,C21,CR140,2025-07-22,youtube,short,2496,5335,5797,6487,0,false
P1385,C21,CR268,2025-07-23,youtube,short,179,439,529,553,0,false
P1386,C21,CR325,2025-07-09,youtube,long_form,8,20,22,23,0,false
P1387,C21,CR406,2025-07-09,youtube,short,377,729,817,896,0,false
P1388,C21,CR212,2025-07-22,youtube,short,67,156,183,183,0,false
P1389,C21,CR276,2025-06-25,youtube,short,417,1175,1387,1407,0,false
P1390,C21,CR417,2025-07-13,youtube,short,6003,6186,6344,6419,0,true
P1391,C21,CR171,2025-07-02,youtube,short,1319,3670,4064,4204,0,false
P1392,C21,CR523,2025-07-23,youtube,long_form,1142,2295,2844,2844,0,false
P1393,C21,CR472,2025-07-10,youtube,short,15484,29841,33863,34155,500,false
P1394,C21,CR014,2025-08-04,youtube,long_form,101,275,333,333,0,false
P1395,C21,CR188,2025-07-14,youtube,short,1452,3788,4435,4594,0,false
P1396,C21,CR082,2025-07-31,youtube,short,28654,29319,29905,30750,500,true
P1397,C21,CR037,2025-06-24,youtube,short,80,201,249,249,0,false
P1398,C21,CR448,2025-07-13,youtube,long_form,190,385,456,456,0,false
P1399,C21,CR518,2025-07-20,youtube,long_form,119,302,342,356,0,false
P1400,C21,CR595,2025-07-17,youtube,short,2690,5567,6831,6831,0,false
P1401,C21,CR579,2025-07-27,youtube,short,21692,22281,22867,23237,500,true
P1402,C21,CR329,2025-07-15,youtube,long_form,91,183,215,225,0,false
P1403,C21,CR342,2025-07-26,youtube,short,982,2017,2117,2468,0,false
P1404,C21,CR303,2025-07-14,youtube,short,12078,13036,13411,13567,500,true
P1405,C21,CR564,2025-07-12,youtube,short,1629,3201,3782,3782,0,false
P1406,C21,CR363,2025-07-14,youtube,short,10035,10988,11353,11505,500,true
P1407,C21,CR113,2025-07-25,youtube,short,141,348,432,432,0,false
P1408,C21,CR045,2025-07-07,youtube,long_form,72,154,172,187,0,false
P1409,C21,CR332,2025-07-16,youtube,long_form,581,1397,1650,1657,0,false
P1410,C21,CR476,2025-06-23,youtube,short,363,861,970,1041,0,false
P1411,C21,CR163,2025-07-24,youtube,short,1438,2643,3037,3167,0,false
P1412,C21,CR557,2025-06-25,youtube,long_form,82,160,189,192,0,false
P1413,C21,CR462,2025-06-26,youtube,short,1129,2864,3274,3461,0,false
P1414,C21,CR487,2025-07-21,youtube,long_form,395,760,810,928,0,false
P1415,C21,CR213,2025-07-21,youtube,long_form,193,439,520,534,0,false
P1416,C21,CR002,2025-07-14,youtube,short,1533,4175,4782,5098,0,false
P1417,C21,CR192,2025-07-06,youtube,short,1413,2982,3467,3738,0,false
P1418,C21,CR116,2025-06-22,youtube,short,1537,3084,3640,3640,0,false
P1419,C21,CR513,2025-06-25,youtube,short,90,224,257,281,0,false
P1420,C21,CR468,2025-06-30,youtube,long_form,1058,2496,2733,3097,0,false
P1421,C21,CR387,2025-07-18,youtube,long_form,19,43,53,54,0,false
P1422,C21,CR291,2025-07-14,youtube,short,1026,2352,2666,2803,0,false
P1423,C21,CR317,2025-07-30,youtube,long_form,190,419,484,494,0,false
P1424,C21,CR522,2025-06-29,youtube,short,7173,15881,17797,19316,500,false
P1425,C21,CR107,2025-07-08,youtube,short,353,649,766,807,0,false
P1426,C21,CR507,2025-07-05,youtube,short,1679,4560,5318,5318,0,false
P1427,C21,CR534,2025-06-30,youtube,short,39966,87439,100052,111524,2000,false
P1428,C21,CR083,2025-07-03,youtube,short,55178,100593,116546,120471,5000,false
P1429,C21,CR262,2025-07-28,youtube,short,6949,14582,16537,17184,500,false
P1430,C21,CR323,2025-07-07,youtube,short,381,750,850,936,0,false
P1431,C21,CR274,2025-07-21,youtube,short,528,1253,1372,1447,0,false
P1432,C21,CR232,2025-08-02,youtube,long_form,158005,335571,376783,413367,5000,false
P1433,C21,CR366,2025-07-10,youtube,short,263,681,794,806,0,false
P1434,C21,CR063,2025-07-11,youtube,short,131812,144197,149353,150984,5000,true
P1435,C21,CR492,2025-07-04,youtube,short,450,877,1027,1138,0,false
P1436,C21,CR419,2025-07-18,youtube,short,2003,2220,2298,2318,0,true
P1437,C21,CR134,2025-07-05,youtube,long_form,82,171,193,207,0,false
P1438,C21,CR517,2025-06-27,youtube,short,62,121,144,153,0,false
P1439,C21,CR597,2025-07-28,youtube,long_form,10,19,22,22,0,false
P1440,C21,CR341,2025-07-30,youtube,long_form,460,1069,1263,1297,0,false
P1441,C21,CR184,2025-07-17,youtube,long_form,88,220,256,261,0,false
P1442,C21,CR401,2025-07-05,youtube,long_form,2001,5303,5878,6170,0,false
P1443,C21,CR219,2025-07-31,youtube,long_form,37,67,81,82,0,false
P1444,C21,CR407,2025-07-11,youtube,short,150,311,340,384,0,false
P1445,C21,CR051,2025-07-24,youtube,short,358,720,813,835,0,false
P1446,C21,CR149,2025-06-26,youtube,short,490,1025,1156,1235,0,false
P1447,C22,CR564,2025-09-20,youtube,short,897,2057,2334,2334,120,false
P1448,C22,CR545,2025-08-01,youtube,short,2448,4635,4997,5350,120,false
P1449,C22,CR363,2025-09-20,youtube,short,579,1329,1518,1582,0,false
P1450,C22,CR153,2025-09-16,youtube,short,4502,12575,14550,14550,610,false
P1451,C22,CR168,2025-09-06,youtube,short,2184,4837,5501,5919,120,false
P1452,C22,CR445,2025-08-17,youtube,long_form,147,343,370,424,0,false
P1453,C22,CR325,2025-08-15,youtube,long_form,3120,3400,3525,3568,120,true
P1454,C22,CR140,2025-08-31,youtube,long_form,483,1107,1279,1291,0,false
P1455,C22,CR276,2025-08-30,youtube,short,5612,10846,11843,12903,610,false
P1456,C22,CR007,2025-08-18,youtube,short,38709,84079,102305,102305,2070,false
P1457,C22,CR599,2025-09-07,youtube,short,38922,42955,44418,44992,2070,true
P1458,C22,CR513,2025-08-04,youtube,short,38,76,83,86,0,false
P1459,C22,CR448,2025-09-18,youtube,short,4205,9218,11357,11357,610,false
P1460,C22,CR400,2025-09-12,youtube,long_form,1844,3772,4696,4696,120,false
P1461,C22,CR056,2025-09-05,youtube,long_form,29,77,84,91,0,false
P1462,C22,CR595,2025-09-01,youtube,short,3481,3832,3934,3954,120,true
P1463,C22,CR262,2025-08-04,youtube,short,4292,10755,12874,12874,610,false
P1464,C22,CR291,2025-09-18,youtube,short,287,661,762,763,0,false
P1465,C22,CR487,2025-08-30,youtube,short,228,559,676,676,0,false
P1466,C22,CR507,2025-08-14,youtube,short,4161,9674,10591,12070,610,false
P1467,C22,CR033,2025-09-15,youtube,long_form,532,1153,1368,1419,0,false
P1468,C22,CR597,2025-07-31,youtube,short,173,442,526,526,0,false
P1469,C22,CR497,2025-09-03,youtube,short,593,1294,1482,1501,0,false
P1470,C22,CR172,2025-07-24,youtube,long_form,10,24,28,30,0,false
P1471,C22,CR531,2025-09-13,youtube,short,132,298,361,361,0,false
P1472,C22,CR426,2025-07-28,youtube,short,2726,7136,8316,8695,610,false
P1473,C22,CR509,2025-09-08,youtube,short,7997,14824,16426,17916,610,false
P1474,C22,CR072,2025-08-28,youtube,short,9209,18307,20256,22762,610,false
P1475,C22,CR188,2025-07-22,youtube,short,3410,6384,7247,7692,610,false
P1476,C22,CR396,2025-09-04,youtube,short,443,948,1160,1160,0,false
P1477,C22,CR522,2025-09-15,youtube,long_form,9,24,29,30,0,false
P1478,C22,CR184,2025-08-24,youtube,long_form,9,19,20,22,0,false
P1479,C22,CR462,2025-09-18,youtube,short,1089,2453,3002,3002,120,false
P1480,C22,CR192,2025-08-06,youtube,short,3268,6274,7221,7836,610,false
P1481,C22,CR517,2025-08-04,youtube,long_form,64,117,124,140,0,false
P1482,C22,CR210,2025-07-20,youtube,long_form,6156,13517,15920,15945,610,false
P1483,C22,CR387,2025-09-03,youtube,short,329,694,840,840,0,false
P1484,C22,CR436,2025-08-24,youtube,short,885,1896,2238,2381,120,false
P1485,C22,CR190,2025-09-13,youtube,short,10505,21167,25018,25456,2060,false
P1486,C22,CR518,2025-09-14,youtube,short,231,634,699,783,0,false
P1487,C22,CR212,2025-09-12,youtube,long_form,444,474,485,491,0,true
P1488,C22,CR265,2025-08-11,youtube,short,8450,15794,17329,18242,610,false
P1489,C22,CR295,2025-09-09,youtube,long_form,2703,4954,5676,5676,120,false
P1490,C22,CR171,2025-07-28,youtube,short,11823,21663,25859,26541,2060,false
P1491,C22,CR173,2025-08-30,youtube,long_form,5127,11402,12194,13752,610,false
P1492,C22,CR014,2025-08-14,youtube,short,364,930,1076,1112,0,false
P1493,C22,CR521,2025-08-09,youtube,short,7206,19661,21771,24279,610,false
P1494,C22,CR011,2025-08-03,youtube,short,5857,11552,13595,13882,610,false
P1495,C22,CR557,2025-09-08,youtube,long_form,243,446,516,533,0,false
P1496,C22,CR064,2025-07-31,youtube,short,3125,7956,8827,9592,610,false
P1497,C22,CR332,2025-09-18,youtube,short,2732,5584,6167,6856,610,false
P1498,C22,CR116,2025-09-08,youtube,long_form,751,1819,2023,2180,120,false
P1499,C22,CR419,2025-08-27,youtube,short,82,171,186,215,0,false
P1500,C22,CR323,2025-07-25,youtube,long_form,36,66,71,77,0,false
P1501,C22,CR088,2025-09-13,youtube,short,280,659,728,879,0,false
P1502,C22,CR407,2025-07-21,youtube,long_form,276,564,673,673,0,false
P1503,C23,CR572,2025-05-01,youtube,short,124895,255924,294900,294900,5000,false
P1504,C23,CR506,2025-05-27,youtube,short,93735,176596,214559,214559,5000,false
P1505,C23,CR449,2025-06-02,youtube,short,203403,440330,493289,524855,5000,false
P1506,C23,CR046,2025-05-11,youtube,short,71639,180627,220455,220455,5000,false
P1507,C23,CR579,2025-04-25,youtube,short,1107,2647,3147,3147,0,false
P1508,C23,CR472,2025-06-15,youtube,short,15046,39753,47036,48278,500,false
P1509,C23,CR540,2025-05-31,youtube,short,52887,120549,138141,147170,5000,false
P1510,C23,CR174,2025-04-30,youtube,short,122563,131562,135296,137785,5000,true
P1511,C23,CR220,2025-05-10,youtube,long_form,58420,142984,164163,174169,5000,false
P1512,C23,CR310,2025-05-15,youtube,short,212366,499716,547587,570179,5000,false
P1513,C23,CR098,2025-05-26,youtube,short,67045,142187,173149,178510,5000,false
P1514,C23,CR402,2025-04-25,youtube,short,1393,3314,3778,3949,0,false
P1515,C23,CR298,2025-06-04,youtube,short,102023,242681,285336,291035,5000,false
P1516,C23,CR202,2025-06-04,youtube,short,1206173,2489173,2841039,3008852,15000,false
P1517,C23,CR097,2025-06-07,youtube,short,4369,9941,11326,11974,0,false
P1518,C23,CR042,2025-06-13,youtube,long_form,571,1159,1353,1373,0,false
P1519,C23,CR057,2025-06-09,youtube,short,177631,391763,460617,477926,5000,false
P1520,C23,CR131,2025-06-03,youtube,long_form,3291,7040,8272,8897,0,false
P1521,C23,CR157,2025-05-02,youtube,long_form,32126,70377,83250,86546,2000,false
P1522,C23,CR351,2025-05-22,youtube,short,39230,72756,84431,86729,2000,false
P1523,C23,CR508,2025-06-05,youtube,long_form,10404,27788,32222,32222,500,false
P1524,C23,CR147,2025-06-11,youtube,long_form,12034,28601,35701,35701,500,false
P1525,C23,CR581,2025-04-26,youtube,long_form,17087,31557,36356,40187,500,false
P1526,C23,CR159,2025-06-20,youtube,short,160510,403146,448253,474762,5000,false
P1527,C23,CR281,2025-06-16,youtube,short,283736,546418,613663,626626,15000,false
P1528,C23,CR175,2025-06-18,youtube,long_form,4769,9828,10507,12044,0,false
P1529,C23,CR029,2025-06-10,youtube,short,17296,41771,51701,52497,500,false
P1530,C23,CR249,2025-06-03,youtube,short,10165,22623,27013,27013,500,false
P1531,C23,CR438,2025-05-13,youtube,short,43333,82482,93144,102981,2000,false
P1532,C23,CR483,2025-05-26,youtube,long_form,10805,20152,22525,24583,500,false
P1533,C23,CR444,2025-05-01,youtube,short,30775,70954,86374,86374,2000,false
P1534,C23,CR392,2025-06-12,youtube,short,1804,4596,5144,5517,0,false
P1535,C23,CR241,2025-06-08,youtube,short,684345,1496686,1737576,1991049,15000,false
P1536,C23,CR018,2025-05-22,youtube,long_form,69547,159167,190805,190805,5000,false
P1537,C23,CR209,2025-05-22,youtube,short,14165,25861,29151,29151,500,false
P1538,C23,CR173,2025-06-09,youtube,short,4837,10776,12648,12648,500,false
P1539,C23,CR394,2025-05-22,youtube,short,81487,160492,198961,198961,5000,false
P1540,C23,CR187,2025-06-15,youtube,long_form,7080,14909,15977,18356,500,false
P1541,C23,CR064,2025-06-06,youtube,short,1438,2744,3308,3308,0,false
P1542,C23,CR496,2025-05-14,youtube,short,248836,467549,554159,558490,5000,false
P1543,C23,CR467,2025-06-03,youtube,short,329824,780076,880620,939014,15000,false
P1544,C23,CR190,2025-06-20,youtube,short,15683,28612,31434,33984,500,false
P1545,C23,CR416,2025-05-16,youtube,short,799520,825613,853293,853293,15000,true
P1546,C23,CR110,2025-05-28,youtube,short,513879,1190175,1343482,1343482,15000,false
P1547,C23,CR179,2025-05-05,youtube,short,19348,46437,54120,56810,500,false
P1548,C23,CR050,2025-05-29,youtube,short,16850,33724,39371,39371,500,false
P1549,C23,CR295,2025-05-07,youtube,short,2115,5094,5458,6045,0,false
P1550,C23,CR400,2025-05-30,youtube,short,13942,34212,38929,39156,500,false
P1551,C23,CR452,2025-05-30,youtube,long_form,16638,36964,43492,44326,500,false
P1552,C23,CR277,2025-06-03,youtube,short,66073,147557,168078,173473,5000,false
P1553,C23,CR243,2025-04-27,youtube,long_form,106739,207002,230438,248248,5000,false
P1554,C23,CR353,2025-05-05,youtube,long_form,117836,124126,128756,129951,5000,true
P1555,C23,CR575,2025-05-28,youtube,long_form,14208,36674,40812,43922,500,false
P1556,C23,CR543,2025-04-30,youtube,short,85939,162423,186855,201320,5000,false
P1557,C23,CR072,2025-06-18,youtube,short,2182,5162,6051,6305,0,false
P1558,C23,CR258,2025-05-01,youtube,short,77812,195183,223783,234004,5000,false
P1559,C23,CR386,2025-06-05,youtube,long_form,9379,23559,25909,30892,500,false
P1560,C23,CR317,2025-05-09,youtube,short,15489,42158,48828,51049,500,false
P1561,C23,CR503,2025-06-19,youtube,long_form,35141,75854,87494,92545,2000,false
P1562,C23,CR546,2025-05-04,youtube,long_form,10893,20270,25940,25940,500,false
P1563,C24,CR467,2025-04-27,youtube,short,575001,1243542,1407364,1489624,81280,false
P1564,C24,CR046,2025-06-01,youtube,long_form,1118,2358,2691,2851,0,false
P1565,C24,CR110,2025-05-21,youtube,short,2577366,4942070,5491141,5914261,109820,false
P1566,C24,CR241,2025-05-29,youtube,short,101306,207125,261292,261292,0,false
P1567,C24,CR546,2025-05-30,youtube,short,70353,131688,139199,156064,0,false
P1568,C24,CR540,2025-05-01,youtube,short,23185,43181,51540,51540,0,false
P1569,C24,CR575,2025-05-14,youtube,long_form,8908,18410,19693,22693,0,false
P1570,C24,CR281,2025-05-14,youtube,short,28605,77204,92712,92712,0,false
P1571,C24,CR452,2025-05-23,youtube,long_form,4365,11634,14151,14452,0,false
P1572,C24,CR508,2025-05-03,youtube,short,111029,216777,253191,253490,0,false
P1573,C24,CR483,2025-04-30,youtube,long_form,3492,6782,8057,8495,0,false
P1574,C24,CR444,2025-05-25,youtube,short,34768,69254,81657,81657,0,false
P1575,C24,CR348,2025-04-24,youtube,short,1450,3732,3968,4787,0,false
P1576,C24,CR131,2025-05-02,youtube,short,12816,30079,33845,37888,0,false
P1577,C24,CR416,2025-05-18,youtube,short,115507,267222,316078,316078,9480,false
P1578,C24,CR572,2025-04-29,youtube,short,698182,1525203,1714666,1827434,81280,false
P1579,C24,CR496,2025-05-16,youtube,short,59708,109371,124693,133954,0,false
P1580,C24,CR209,2025-04-27,youtube,short,21464,46091,48942,53757,0,false
P1581,C24,CR300,2025-04-27,youtube,short,2251,4165,4712,5024,0,false
P1582,C24,CR449,2025-05-14,youtube,long_form,14027,25877,29589,31269,0,false
P1583,C24,CR394,2025-05-11,youtube,short,9284,19461,24110,24417,0,false
P1584,C24,CR098,2025-05-31,youtube,long_form,117462,124842,129391,129391,0,true
P1585,C24,CR042,2025-05-13,youtube,short,8259,22610,25463,27811,0,false
P1586,C24,CR581,2025-04-22,youtube,long_form,21656,42195,49023,50002,0,false
P1587,C24,CR401,2025-05-03,youtube,short,3723,7265,8676,8676,0,false
P1588,C24,CR310,2025-04-22,youtube,short,87435,241282,291692,323071,9480,false
P1589,C24,CR506,2025-04-25,youtube,short,50489,113431,128918,139926,0,false
P1590,C24,CR159,2025-05-19,youtube,long_form,15396,30406,35520,35520,0,false
P1591,C24,CR298,2025-05-13,youtube,long_form,4676,12685,14000,16484,0,false
P1592,C24,CR386,2025-04-21,youtube,long_form,1177,3339,3805,4411,0,false
P1593,C24,CR175,2025-05-22,youtube,short,46587,91255,105106,109096,0,false
P1594,C24,CR111,2025-04-29,youtube,short,1525900,4032535,4580624,4922067,109820,false
P1595,C24,CR147,2025-04-18,youtube,long_form,6374,12953,13906,16399,0,false
P1596,C24,CR503,2025-05-08,youtube,short,3356822,9007549,9647857,10623931,109820,false
P1597,C24,CR297,2025-05-24,youtube,short,2965129,5693199,6498636,6776898,109820,false
P1598,C24,CR579,2025-04-22,youtube,short,3185,7858,9513,9655,0,false
P1599,C24,CR249,2025-05-17,youtube,short,17467,41782,47208,52370,0,false
P1600,C25,CR154,2025-08-02,instagram,reel,13369,26183,31777,32256,500,false
P1601,C25,CR397,2025-07-01,instagram,carousel,8759,21252,24072,25840,500,false
P1602,C25,CR075,2025-06-19,instagram,reel,196,540,678,678,0,false
P1603,C25,CR016,2025-06-18,instagram,reel,4898,11851,13448,14769,500,false
P1604,C25,CR427,2025-06-30,instagram,reel,718,1493,1633,1732,0,false
P1605,C25,CR021,2025-06-28,instagram,reel,2559,4904,5452,5984,0,false
P1606,C25,CR365,2025-07-24,instagram,reel,962,1947,2305,2466,0,false
P1607,C25,CR263,2025-07-06,instagram,reel,663,1262,1459,1459,0,false
P1608,C25,CR525,2025-08-04,instagram,reel,311,589,643,658,0,false
P1609,C25,CR031,2025-06-28,instagram,reel,41,98,115,116,0,false
P1610,C25,CR566,2025-08-21,instagram,reel,46,89,94,104,0,false
P1611,C25,CR447,2025-08-22,instagram,reel,130,356,426,443,0,false
P1612,C25,CR199,2025-07-09,instagram,reel,1330,2865,3314,3314,0,false
P1613,C25,CR536,2025-07-01,instagram,reel,399,971,1097,1152,0,false
P1614,C25,CR170,2025-07-14,instagram,reel,4393,7991,9021,9241,0,false
P1615,C25,CR511,2025-07-15,instagram,carousel,18,37,42,46,0,false
P1616,C25,CR548,2025-07-09,instagram,carousel,19,37,43,44,0,false
P1617,C25,CR238,2025-06-30,instagram,carousel,4739,11444,13037,13156,500,false
P1618,C25,CR119,2025-06-18,instagram,carousel,1310,2544,2969,3012,0,false
P1619,C25,CR485,2025-08-23,instagram,reel,496,1091,1264,1294,0,false
P1620,C25,CR079,2025-08-20,instagram,reel,2588,5417,6404,6585,0,false
P1621,C25,CR166,2025-07-26,instagram,reel,4786,12309,13678,15740,500,false
P1622,C25,CR478,2025-08-02,instagram,reel,695,1358,1637,1637,0,false
P1623,C25,CR374,2025-07-11,instagram,reel,3830,7297,8025,8802,0,false
P1624,C25,CR096,2025-08-24,instagram,reel,526,550,563,571,0,true
P1625,C25,CR294,2025-06-25,instagram,carousel,160,399,470,497,0,false
P1626,C25,CR284,2025-07-08,instagram,reel,644,1424,1744,1744,0,false
P1627,C25,CR318,2025-07-02,instagram,reel,301,682,797,801,0,false
P1628,C25,CR558,2025-06-26,instagram,reel,181,362,438,438,0,false
P1629,C25,CR240,2025-07-28,instagram,reel,5499,10599,11356,13089,500,false
P1630,C25,CR141,2025-06-28,instagram,reel,1808,4960,5335,5967,0,false
P1631,C25,CR580,2025-07-05,instagram,carousel,3975,7392,8792,8792,0,false
P1632,C25,CR459,2025-08-06,instagram,carousel,29,66,72,80,0,false
P1633,C25,CR385,2025-07-07,instagram,reel,482,1295,1443,1479,0,false
P1634,C25,CR355,2025-08-13,instagram,reel,247,516,554,652,0,false
P1635,C25,CR245,2025-06-30,instagram,carousel,5831,13290,15180,16369,500,false
P1636,C25,CR278,2025-07-08,instagram,reel,135,142,146,147,0,true
P1637,C25,CR289,2025-06-26,instagram,reel,6529,14535,17141,17141,500,false
P1638,C25,CR600,2025-06-20,instagram,carousel,118,322,362,375,0,false
P1639,C25,CR587,2025-07-14,instagram,reel,2150,4649,5447,5601,0,false
P1640,C25,CR475,2025-07-10,instagram,reel,775,1929,2276,2276,0,false
P1641,C25,CR359,2025-07-01,instagram,carousel,5004,9462,11184,11272,0,false
P1642,C25,CR200,2025-06-30,instagram,reel,72,201,235,253,0,false
P1643,C25,CR247,2025-07-09,instagram,reel,1518,1615,1650,1690,0,true
P1644,C25,CR069,2025-07-14,instagram,reel,1425,3031,3368,3524,0,false
P1645,C25,CR335,2025-08-10,instagram,reel,118,268,336,336,0,false
P1646,C25,CR421,2025-07-18,instagram,reel,858,2274,2618,2658,0,false
P1647,C25,CR331,2025-08-02,instagram,carousel,830,2222,2514,2731,0,false
P1648,C25,CR320,2025-06-27,instagram,reel,979,2552,2887,3052,0,false
P1649,C25,CR144,2025-07-05,instagram,reel,350,948,1040,1163,0,false
P1650,C25,CR378,2025-07-29,instagram,reel,1645,1681,1719,1743,0,true
P1651,C25,CR091,2025-07-15,instagram,reel,261,548,643,679,0,false
P1652,C25,CR028,2025-07-01,instagram,reel,173,488,584,584,0,false
P1653,C25,CR087,2025-07-06,instagram,reel,1170,2639,3142,3165,0,false
P1654,C25,CR519,2025-07-15,instagram,reel,180,392,423,467,0,false
P1655,C25,CR253,2025-06-23,instagram,carousel,944,1799,2043,2051,0,false
P1656,C25,CR036,2025-08-13,instagram,reel,1780,1883,1934,1961,0,true
P1657,C25,CR201,2025-06-20,instagram,reel,257,528,628,672,0,false
P1658,C25,CR132,2025-07-26,instagram,reel,1432,2807,3075,3389,0,false
P1659,C25,CR105,2025-08-13,instagram,reel,9232,20021,22402,23387,500,false
P1660,C25,CR573,2025-07-23,instagram,reel,187,410,454,496,0,false
P1661,C25,CR569,2025-06-30,instagram,reel,1136,2695,3306,3306,0,false
P1662,C25,CR431,2025-06-25,instagram,reel,1341,3517,3770,3955,0,false
P1663,C25,CR490,2025-07-08,instagram,reel,2662,6233,7239,7481,0,false
P1664,C25,CR554,2025-07-07,instagram,reel,414,966,1160,1160,0,false
P1665,C26,CR177,2025-08-18,instagram,carousel,30048,72308,86268,89867,0,false
P1666,C26,CR589,2025-08-16,instagram,reel,391948,1051790,1239214,1239214,31700,false
P1667,C26,CR005,2025-08-10,instagram,reel,2382,6586,7237,7886,0,false
P1668,C26,CR136,2025-07-16,instagram,carousel,176076,444004,537520,537520,5340,false
P1669,C26,CR078,2025-08-27,instagram,carousel,4376,12006,14145,15189,0,false
P1670,C26,CR491,2025-08-24,instagram,carousel,3109,5939,6572,7216,0,false
P1671,C26,CR439,2025-08-25,instagram,carousel,5527,10748,12289,12589,0,false
P1672,C26,CR189,2025-08-18,instagram,reel,36407,88831,101732,102983,5340,false
P1673,C26,CR086,2025-07-28,instagram,reel,141312,259941,292971,299111,5340,false
P1674,C26,CR354,2025-08-05,instagram,reel,110142,213421,251330,265479,5340,false
P1675,C26,CR520,2025-08-28,instagram,reel,97609,180980,213231,221444,5340,false
P1676,C26,CR089,2025-08-28,instagram,reel,119723,307687,356128,379083,5340,false
P1677,C26,CR409,2025-08-17,instagram,reel,51544,138048,148960,164346,5340,false
P1678,C26,CR349,2025-08-23,instagram,reel,3497232,6961603,8367762,8570591,303820,false
P1679,C26,CR020,2025-07-17,instagram,reel,317739,789368,963445,963445,21850,false
P1680,C26,CR568,2025-08-30,instagram,reel,3669,7731,9086,9243,0,false
P1681,C26,CR381,2025-08-15,instagram,reel,4748,10578,12406,13860,0,false
P1682,C26,CR420,2025-08-09,instagram,reel,7757,16519,19512,20545,0,false
P1683,C26,CR160,2025-07-24,instagram,reel,189349,199847,204324,207462,5340,true
P1684,C26,CR504,2025-08-12,instagram,carousel,48459,125946,150620,156814,5340,false
P1685,C26,CR204,2025-08-02,instagram,reel,96341,235513,285623,285623,5340,false
P1686,C26,CR041,2025-07-24,instagram,reel,84647,163716,186585,189386,5340,false
P1687,C26,CR068,2025-08-21,instagram,reel,121778,223280,253107,255985,5340,false
P1688,C26,CR376,2025-07-18,instagram,reel,71449,180133,210141,213246,5340,false
P1689,C26,CR203,2025-07-26,instagram,reel,1966365,4035323,4784812,5004675,31700,false
P1690,C26,CR364,2025-07-17,instagram,reel,52674,99858,110815,117114,5340,false
P1691,C26,CR114,2025-08-29,instagram,reel,39186,83656,91439,102150,5340,false
P1692,C26,CR180,2025-08-09,instagram,reel,518909,989788,1115217,1262756,31700,false
P1693,C26,CR547,2025-07-17,instagram,carousel,2523,4769,5509,5837,0,false
P1694,C26,CR528,2025-08-11,instagram,reel,699717,1375745,1572024,1776649,31700,false
P1695,C26,CR593,2025-07-30,instagram,reel,23927,61442,68915,75392,0,false
P1696,C26,CR311,2025-08-06,instagram,reel,34711,87392,96181,109174,5340,false
P1697,C26,CR283,2025-08-25,instagram,reel,719335,1507246,1766354,1948498,31700,false
P1698,C26,CR161,2025-08-02,instagram,reel,549843,1500498,1813606,1873183,31700,false
P1699,C26,CR044,2025-08-01,instagram,reel,104111,206930,232602,242818,5340,false
P1700,C26,CR594,2025-07-27,instagram,reel,10892,29280,34681,34681,0,false
P1701,C26,CR583,2025-08-10,instagram,carousel,2035,5433,6353,6533,0,false
P1702,C26,CR065,2025-08-19,instagram,reel,37141,105658,120049,121718,5340,false
P1703,C26,CR456,2025-08-11,instagram,reel,2611,5316,6087,6318,0,false
P1704,C26,CR516,2025-08-24,instagram,carousel,312579,629086,774565,774565,5340,false
P1705,C26,CR074,2025-08-05,instagram,carousel,11563,23360,27700,27700,0,false
P1706,C26,CR514,2025-08-12,instagram,reel,15970,39834,46996,48345,0,false
P1707,C26,CR484,2025-08-27,instagram,reel,25602,52490,57676,64508,0,false
P1708,C26,CR585,2025-08-05,instagram,reel,147022,393266,460768,482691,5340,false
P1709,C27,CR493,2025-08-02,instagram,reel,13333,25384,30684,30684,500,false
P1710,C27,CR474,2025-09-03,instagram,reel,5369,11773,12594,14086,500,false
P1711,C27,CR124,2025-07-20,instagram,reel,2846,5691,7144,7213,0,false
P1712,C27,CR524,2025-08-19,instagram,carousel,1220,2256,2439,2556,0,false
P1713,C27,CR144,2025-08-26,instagram,reel,694,1492,1694,1871,0,false
P1714,C27,CR558,2025-08-18,instagram,carousel,773,2011,2113,2361,0,false
P1715,C27,CR577,2025-08-10,instagram,carousel,1757,3710,4300,4333,0,false
P1716,C27,CR150,2025-08-07,instagram,reel,1987,3619,4465,4465,0,false
P1717,C27,CR067,2025-08-06,instagram,reel,10890,21706,23969,26332,500,false
P1718,C27,CR536,2025-07-30,instagram,carousel,859,2170,2514,2679,0,false
P1719,C27,CR119,2025-09-13,instagram,reel,1715,3338,3962,4164,0,false
P1720,C27,CR217,2025-07-23,instagram,carousel,2664,5216,5891,6113,0,false
P1721,C27,CR454,2025-07-10,instagram,reel,309,822,976,976,0,false
P1722,C27,CR102,2025-08-13,instagram,reel,724,1944,2202,2295,0,false
P1723,C27,CR359,2025-09-08,instagram,carousel,933,1847,2087,2235,0,false
P1724,C27,CR141,2025-08-27,instagram,reel,4666,11110,12841,12841,500,false
P1725,C27,CR263,2025-07-27,instagram,reel,678,1421,1583,1625,0,false
P1726,C27,CR195,2025-08-16,instagram,carousel,242,487,555,561,0,false
P1727,C27,CR229,2025-08-23,instagram,carousel,64,126,138,145,0,false
P1728,C27,CR139,2025-08-03,instagram,reel,117,287,311,329,0,false
P1729,C27,CR031,2025-09-18,instagram,reel,10333,19743,23739,23739,500,false
P1730,C27,CR292,2025-09-10,instagram,reel,301,627,697,730,0,false
P1731,C27,CR415,2025-08-18,instagram,reel,4383,10759,12265,13192,500,false
P1732,C27,CR385,2025-09-17,instagram,carousel,3263,8269,10498,10498,0,false
P1733,C27,CR070,2025-07-28,instagram,reel,171173,333875,371402,371402,5000,false
P1734,C27,CR017,2025-08-27,instagram,reel,286,613,693,726,0,false
P1735,C27,CR109,2025-09-12,instagram,reel,2536,5707,6495,6707,0,false
P1736,C27,CR331,2025-08-27,instagram,reel,2832,6110,7401,7590,0,false
P1737,C27,CR499,2025-09-09,instagram,reel,79,208,242,257,0,false
P1738,C27,CR079,2025-08-27,instagram,reel,6970,14792,16496,18146,500,false
P1739,C27,CR231,2025-08-11,instagram,reel,4934,10356,11892,11967,500,false
P1740,C27,CR162,2025-08-05,instagram,carousel,408,934,1085,1155,0,false
P1741,C27,CR200,2025-08-14,instagram,reel,192,354,419,446,0,false
P1742,C27,CR478,2025-08-04,instagram,reel,1819,4846,5669,6248,0,false
P1743,C27,CR240,2025-09-16,instagram,reel,608,1118,1318,1366,0,false
P1744,C27,CR334,2025-07-13,instagram,reel,36143,66968,76119,78522,2000,false
P1745,C27,CR294,2025-07-27,instagram,reel,257,665,775,836,0,false
P1746,C27,CR526,2025-09-14,instagram,carousel,12,25,28,29,0,false
P1747,C27,CR252,2025-08-16,instagram,reel,46,120,141,147,0,false
P1748,C27,CR069,2025-09-02,instagram,carousel,373,926,1153,1153,0,false
P1749,C28,CR118,2025-12-30,instagram,carousel,1966,4566,5345,5345,0,false
P1750,C28,CR194,2025-12-12,instagram,carousel,240808,664134,806267,806267,11500,false
P1751,C28,CR372,2025-11-06,instagram,reel,280620,517551,553731,636931,11500,false
P1752,C28,CR089,2025-12-11,instagram,carousel,290111,595977,664516,733129,11500,false
P1753,C28,CR314,2025-12-04,instagram,reel,151533,316105,371325,392731,7470,false
P1754,C28,CR180,2025-11-29,instagram,reel,236257,463919,513565,540066,11500,false
P1755,C28,CR224,2025-11-25,instagram,reel,11590,27669,31375,32362,0,false
P1756,C28,CR498,2025-12-10,instagram,reel,38598,97925,117715,117715,0,false
P1757,C28,CR283,2025-12-29,instagram,reel,525878,1390573,1703638,1703638,41480,false
P1758,C28,CR409,2026-01-07,instagram,carousel,14639,37739,43507,44676,0,false
P1759,C28,CR189,2025-11-06,instagram,reel,2898,5824,6657,6977,0,false
P1760,C28,CR458,2025-11-25,instagram,carousel,6163,16683,19440,19440,0,false
P1761,C28,CR287,2026-01-06,instagram,reel,150804,278179,327018,327018,7470,false
P1762,C28,CR226,2025-11-30,instagram,reel,59957,112881,123191,127843,0,false
P1763,C28,CR100,2025-12-19,instagram,reel,90365,189476,223258,234647,7470,false
P1764,C28,CR127,2025-11-24,instagram,reel,17584,37940,42325,45398,0,false
P1765,C28,CR205,2025-12-31,instagram,reel,8676,18033,20842,20842,0,false
P1766,C28,CR464,2025-11-21,instagram,reel,647668,1804577,2238081,2356425,41480,false
P1767,C28,CR092,2025-11-06,instagram,reel,63312,121101,143448,143448,0,false
P1768,C28,CR376,2026-01-04,instagram,reel,22842,46734,52078,52078,0,false
P1769,C28,CR593,2025-11-22,instagram,reel,211475,529261,596221,624537,11500,false
P1770,C28,CR373,2025-12-02,instagram,carousel,4034,11227,13378,14054,0,false
P1771,C28,CR137,2026-01-03,instagram,reel,48440,101129,113873,123646,0,false
P1772,C28,CR114,2025-11-18,instagram,reel,33212,83157,96450,100292,0,false
P1773,C28,CR136,2025-12-21,instagram,reel,24419,55528,63372,63994,0,false
P1774,C28,CR437,2025-12-27,instagram,carousel,104356,223256,262478,271303,7470,false
P1775,C28,CR237,2025-11-16,instagram,reel,37786,78831,86111,94492,0,false
P1776,C28,CR340,2025-12-14,instagram,reel,28286,54726,62783,64105,0,false
P1777,C28,CR204,2025-11-08,instagram,reel,115629,233167,276700,276700,7470,false
P1778,C28,CR354,2025-11-17,instagram,reel,123716,249730,287830,298028,7470,false
P1779,C28,CR275,2026-01-05,instagram,reel,208150,492117,616505,616505,11500,false
P1780,C28,CR405,2025-11-05,instagram,reel,83696,180156,209119,209119,7470,false
P1781,C28,CR151,2025-11-21,instagram,reel,94298,225552,280864,280864,7470,false
P1782,C28,CR559,2025-12-23,instagram,reel,583572,1083884,1286165,1313172,11500,false
P1783,C28,CR547,2025-11-13,instagram,reel,54088,122864,140817,150898,0,false
P1784,C28,CR350,2025-12-13,instagram,reel,659209,683724,704627,712357,11500,true
P1785,C28,CR371,2025-12-12,instagram,reel,66732,132027,152358,163917,0,false
P1786,C28,CR161,2025-11-19,instagram,reel,7488,16351,19002,19002,0,false
P1787,C28,CR061,2025-12-17,instagram,reel,27966,68121,76605,76605,0,false
P1788,C28,CR571,2025-11-12,instagram,carousel,254493,533143,626936,626936,11500,false
P1789,C28,CR315,2025-12-01,instagram,reel,3669,7087,8404,8951,0,false
P1790,C28,CR356,2025-11-05,instagram,reel,35451,83875,107208,108488,0,false
P1791,C28,CR576,2025-11-06,instagram,reel,48817,117855,144872,146383,0,false
P1792,C28,CR269,2025-12-01,instagram,carousel,5292263,14073986,15494614,17666624,403400,false
P1793,C28,CR453,2025-11-30,instagram,reel,21785,52251,56276,66251,0,false
P1794,C28,CR142,2025-11-24,instagram,reel,56837,109368,120401,138801,0,false
P1795,C28,CR512,2025-12-08,instagram,reel,40478,83803,94554,99284,0,false
P1796,C28,CR383,2025-12-22,instagram,reel,46247,127346,148375,155943,0,false
P1797,C28,CR412,2025-11-21,instagram,reel,45225,89299,103064,103451,0,false
P1798,C28,CR488,2026-01-02,instagram,reel,68716,171141,214669,214669,0,false
P1799,C28,CR160,2025-12-27,instagram,reel,172689,178445,184717,187011,7470,true
P1800,C28,CR594,2025-12-12,instagram,reel,214470,536119,635003,668645,11500,false
P1801,C28,CR358,2025-12-31,instagram,reel,2509385,2755980,2837729,2885935,41480,true
P1802,C28,CR563,2025-12-05,instagram,reel,8462,15800,18163,18323,0,false
P1803,C28,CR167,2025-11-25,instagram,reel,645211,1237158,1415690,1501581,11500,false
P1804,C28,CR565,2026-01-02,instagram,reel,658000,1221775,1328038,1439940,11500,false
P1805,C28,CR296,2025-12-27,instagram,reel,11601,22091,25309,27002,0,false
P1806,C29,CR540,2025-04-01,youtube,short,29886,56047,64422,73611,2000,false
P1807,C29,CR392,2025-03-20,youtube,long_form,693,1333,1579,1598,0,false
P1808,C29,CR192,2025-05-09,youtube,short,3385,9148,10896,10896,0,false
P1809,C29,CR047,2025-05-22,youtube,short,17886,47555,57556,57556,500,false
P1810,C29,CR509,2025-05-26,youtube,short,463,1222,1412,1520,0,false
P1811,C29,CR462,2025-04-05,youtube,short,5291,10064,11373,11373,500,false
P1812,C29,CR171,2025-05-19,youtube,long_form,1327,2984,3509,3595,0,false
P1813,C29,CR175,2025-05-09,youtube,short,219164,431050,522018,522018,5000,false
P1814,C29,CR377,2025-05-02,youtube,short,13454,33670,37373,38698,500,false
P1815,C29,CR168,2025-05-04,youtube,short,724,1382,1538,1564,0,false
P1816,C29,CR545,2025-03-28,youtube,short,49394,104118,128008,135528,5000,false
P1817,C29,CR209,2025-05-09,youtube,short,6660,14637,17496,17690,500,false
P1818,C29,CR097,2025-04-01,youtube,short,5838,14797,16921,18452,500,false
P1819,C29,CR010,2025-04-30,youtube,short,25556,71734,83136,87233,2000,false
P1820,C29,CR468,2025-04-29,youtube,short,43034,95249,110263,116667,2000,false
P1821,C29,CR249,2025-04-08,youtube,short,158655,433614,501349,515250,5000,false
P1822,C29,CR473,2025-04-26,youtube,short,11161,22894,26614,27259,500,false
P1823,C29,CR063,2025-05-27,youtube,long_form,9016,22694,25816,29089,500,false
P1824,C29,CR057,2025-04-20,youtube,short,39854,88259,102370,109946,2000,false
P1825,C29,CR221,2025-04-22,youtube,short,6694,13476,15962,15962,500,false
P1826,C29,CR299,2025-05-06,youtube,short,5849,12644,14689,15275,500,false
P1827,C29,CR433,2025-05-15,youtube,short,11210,26330,30135,31866,500,false
P1828,C29,CR038,2025-04-20,youtube,short,118,215,242,258,0,false
P1829,C29,CR452,2025-04-24,youtube,long_form,23397,52655,58039,61674,2000,false
P1830,C29,CR369,2025-05-23,youtube,short,41835,79989,92979,100455,2000,false
P1831,C29,CR149,2025-04-04,youtube,short,1728,3646,4480,4480,0,false
P1832,C29,CR257,2025-05-20,youtube,short,3942,8920,9893,11156,0,false
P1833,C29,CR402,2025-03-22,youtube,short,2144,5179,5998,6544,0,false
P1834,C29,CR018,2025-03-11,youtube,short,87136,209970,257040,257040,5000,false
P1835,C29,CR019,2025-05-09,youtube,long_form,15066,15955,16373,16461,500,true
P1836,C29,CR523,2025-05-11,youtube,short,2270,6159,7012,8071,0,false
P1837,C29,CR265,2025-05-03,youtube,long_form,65219,168868,186470,186470,5000,false
P1838,C29,CR232,2025-03-18,youtube,short,14274,27757,33132,33299,500,false
P1839,C29,CR401,2025-04-21,youtube,short,4298,8527,10074,10106,0,false
P1840,C29,CR219,2025-05-05,youtube,short,2501,5143,5829,6084,0,false
P1841,C29,CR579,2025-05-24,youtube,short,10895,27912,30304,34277,500,false
P1842,C29,CR312,2025-04-22,youtube,short,13617,34356,36930,41804,500,false
P1843,C29,CR324,2025-04-23,youtube,long_form,7476,14444,16005,18931,500,false
P1844,C29,CR521,2025-05-30,youtube,short,83062,169205,197401,211461,5000,false
P1845,C29,CR445,2025-05-19,youtube,long_form,5403,13730,14844,17675,500,false
P1846,C29,CR426,2025-05-12,youtube,short,11860,29229,34735,35379,500,false
P1847,C29,CR581,2025-04-18,youtube,long_form,21980,52950,57649,66334,2000,false
P1848,C29,CR578,2025-05-22,youtube,short,1542,4359,4644,5296,0,false
P1849,C29,CR295,2025-03-23,youtube,long_form,8726,17897,20046,22031,500,false
P1850,C29,CR083,2025-05-06,youtube,short,12875,36020,39328,45727,500,false
P1851,C29,CR496,2025-04-13,youtube,long_form,30694,60506,70243,70492,2000,false
P1852,C29,CR317,2025-05-30,youtube,short,58101,107642,128389,137072,5000,false
P1853,C29,CR546,2025-05-21,youtube,short,10215,28436,33953,33953,500,false
P1854,C29,CR072,2025-05-25,youtube,short,182109,188836,194677,198267,5000,true
P1855,C29,CR064,2025-04-10,youtube,long_form,1985,4469,5246,5395,0,false
P1856,C29,CR348,2025-05-13,youtube,short,16089,33396,39244,40571,500,false
P1857,C29,CR300,2025-04-06,youtube,short,938,1822,2035,2214,0,false
P1858,C29,CR007,2025-05-04,youtube,short,10130,21160,25817,26013,500,false
P1859,C29,CR179,2025-03-20,youtube,long_form,365,850,969,1016,0,false
P1860,C29,CR419,2025-03-14,youtube,long_form,38,72,81,84,0,false
P1861,C29,CR472,2025-04-09,youtube,short,765,2093,2274,2594,0,false
P1862,C29,CR153,2025-04-24,youtube,short,3035,5577,6042,6564,0,false
P1863,C29,CR436,2025-04-11,youtube,short,1981,5220,6290,6290,0,false
P1864,C29,CR033,2025-05-17,youtube,short,16230,30323,32687,34537,500,false
P1865,C29,CR399,2025-05-23,youtube,short,6144,13183,14760,16196,500,false
P1866,C29,CR398,2025-05-22,youtube,short,25044,51820,58113,63094,2000,false
P1867,C29,CR210,2025-04-16,youtube,short,571691,1424441,1723517,1723517,15000,false
P1868,C29,CR163,2025-04-26,youtube,short,27114,61676,72617,77957,2000,false
P1869,C29,CR529,2025-04-10,youtube,long_form,13530,36982,41791,46844,500,false
P1870,C29,CR274,2025-04-15,youtube,short,626,691,706,718,0,true
P1871,C29,CR406,2025-05-08,youtube,short,9153,22712,25749,28513,500,false
P1872,C29,CR542,2025-04-29,youtube,short,129006,240764,276265,294808,5000,false
P1873,C29,CR190,2025-04-24,youtube,short,10962,29700,33689,35107,500,false
P1874,C29,CR008,2025-03-24,youtube,short,9684,18282,20382,22812,500,false
P1875,C29,CR258,2025-04-19,youtube,short,1259844,3421454,3878525,4058927,15000,false
P1876,C29,CR327,2025-03-30,youtube,short,947,1996,2345,2418,0,false
P1877,C29,CR173,2025-03-30,youtube,short,13782,30208,32090,37128,500,false
P1878,C29,CR599,2025-03-28,youtube,long_form,193,505,597,615,0,false
P1879,C29,CR002,2025-04-25,youtube,short,1863,3569,4099,4294,0,false
P1880,C29,CR522,2025-03-30,youtube,short,1070,3008,3298,3694,0,false
P1881,C29,CR448,2025-05-23,youtube,long_form,201,417,494,498,0,false
P1882,C29,CR198,2025-03-26,youtube,short,6060,11532,13228,13792,500,false
P1883,C29,CR476,2025-05-06,youtube,short,864,1675,1993,1993,0,false
P1884,C29,CR400,2025-03-31,youtube,long_form,996,1924,2338,2389,0,false
P1885,C29,CR077,2025-05-31,youtube,short,6297,13773,15521,17019,500,false
P1886,C29,CR309,2025-03-29,youtube,long_form,64,163,195,207,0,false
P1887,C29,CR449,2025-04-17,youtube,short,15497,32640,37852,38153,500,false
P1888,C29,CR248,2025-03-12,youtube,short,131685,315366,342843,371026,5000,false
P1889,C29,CR597,2025-03-30,youtube,short,2556,6486,7785,7785,0,false
P1890,C29,CR042,2025-04-07,youtube,short,26206,50646,57524,62506,2000,false
P1891,C29,CR353,2025-05-27,youtube,long_form,10051,28152,34076,35031,500,false
P1892,C29,CR531,2025-04-04,youtube,short,134,249,298,298,0,false
P1893,C29,CR513,2025-03-17,youtube,short,361,745,817,930,0,false
P1894,C29,CR575,2025-04-21,youtube,short,167628,378912,432856,485946,5000,false
P1895,C29,CR407,2025-05-22,youtube,short,326,611,708,728,0,false
P1896,C29,CR444,2025-04-13,youtube,short,39653,99785,114895,115016,2000,false
P1897,C29,CR572,2025-05-19,youtube,short,66273,150960,170382,174590,5000,false
P1898,C29,CR157,2025-04-10,youtube,short,12659,27879,32879,35233,500,false
P1899,C30,CR190,2026-02-10,youtube,short,33619,69988,81804,83936,0,false
P1900,C30,CR174,2026-03-04,youtube,short,381892,801046,928703,954835,42570,false
P1901,C30,CR159,2025-12-26,youtube,long_form,54384,113580,136026,136026,8320,false
P1902,C30,CR193,2026-03-03,youtube,long_form,657706,1542751,2003679,2003679,42570,false
P1903,C30,CR599,2026-01-17,youtube,short,22297,54142,65784,65784,0,false
P1904,C30,CR467,2026-02-19,youtube,long_form,7034330,7495032,7724404,7776783,194790,true
P1905,C30,CR243,2025-12-23,youtube,long_form,111867,288174,321551,341679,8320,false
P1906,C30,CR299,2026-03-12,youtube,short,1684,4717,5420,5420,0,false
P1907,C30,CR473,2026-03-04,youtube,short,46537,84831,93798,102492,0,false
P1908,C30,CR202,2026-01-01,youtube,short,1648441,3352579,3927835,3927835,77880,false
P1909,C30,CR152,2026-01-02,youtube,short,3139759,8468607,9895855,10307699,194790,false
P1910,C30,CR351,2026-01-22,youtube,short,212426,467613,540974,565085,8320,false
P1911,C30,CR313,2026-02-18,youtube,short,259309,509337,589015,634698,8320,false
P1912,C30,CR249,2026-02-01,youtube,short,76472,170636,197891,218994,8320,false
P1913,C30,CR131,2025-12-14,youtube,short,73939,185592,233445,233445,8320,false
P1914,C30,CR298,2026-02-16,youtube,short,10237,28008,28562,32814,0,false
P1915,C30,CR394,2026-02-14,youtube,long_form,2393,5246,5600,6211,0,false
P1916,C30,CR438,2026-01-09,youtube,short,51232,131422,143240,155582,8320,false
P1917,C30,CR013,2026-02-09,youtube,short,62618,138458,159900,161306,8320,false
P1918,C30,CR542,2026-01-21,youtube,short,324240,355341,366392,367631,8320,true
P1919,C30,CR008,2025-12-15,youtube,long_form,9496,20461,23040,24736,0,false
P1920,C30,CR575,2025-12-24,youtube,short,184548,191971,197050,199690,8320,true
P1921,C30,CR506,2025-12-25,youtube,long_form,181898,341832,371928,414616,8320,false
P1922,C30,CR572,2026-02-17,youtube,short,60464,147149,174299,174299,8320,false
P1923,C30,CR281,2026-02-28,youtube,short,77002,171270,201067,201067,8320,false
P1924,C30,CR310,2026-01-22,youtube,short,62147,146412,171611,186509,8320,false
P1925,C30,CR452,2026-01-17,youtube,short,33673888,72869945,84344029,87602433,194790,false
P1926,C30,CR267,2026-01-18,youtube,long_form,2950484,6659347,7922999,8605302,194790,false
P1927,C30,CR018,2026-03-16,youtube,long_form,5081,9586,10538,10538,0,false
P1928,C30,CR187,2026-01-26,youtube,long_form,5819,10959,13085,13543,0,false
P1929,C30,CR406,2026-01-16,youtube,long_form,4121,8557,9675,10030,0,false
P1930,C30,CR403,2026-03-12,youtube,short,62732,132261,153265,155548,8320,false
P1931,C30,CR483,2026-01-28,youtube,short,1010719,1076051,1098377,1116501,42570,true
P1932,C30,CR057,2026-02-07,youtube,short,11542,32202,38057,38835,0,false
P1933,C30,CR496,2026-02-15,youtube,short,60088,148333,167413,184105,8320,false
P1934,C30,CR171,2026-02-20,youtube,short,15271,31622,37508,37508,0,false
P1935,C30,CR503,2026-02-10,youtube,long_form,23886,46426,54333,57272,0,false
P1936,C30,CR098,2025-12-30,youtube,long_form,778,1792,2103,2175,0,false
P1937,C30,CR241,2026-03-01,youtube,short,124835,258836,292758,304784,8320,false
P1938,C30,CR175,2025-12-17,youtube,short,77475,148091,170446,170446,8320,false
P1939,C30,CR220,2026-02-06,youtube,short,305562,755828,831359,922965,42570,false
P1940,C30,CR546,2026-01-22,youtube,short,68728,183189,203816,214607,8320,false
P1941,C30,CR050,2026-02-18,youtube,short,841086,928292,947965,969417,42570,true
P1942,C30,CR436,2026-02-08,youtube,short,34276,65411,72633,78442,0,false
P1943,C30,CR007,2026-03-09,youtube,short,7493,17943,21941,21941,0,false
P1944,C30,CR046,2026-02-28,youtube,short,289619,691877,804538,813176,42570,false
P1945,C30,CR449,2026-02-02,youtube,short,3905515,4191856,4282741,4382196,77880,true
P1946,C30,CR157,2025-12-21,youtube,short,74137,157952,172204,209461,8320,false
P1947,C30,CR258,2026-03-12,youtube,short,890948,2122403,2433712,2663033,77880,false
P1948,C30,CR353,2026-01-25,youtube,short,9836,27167,31608,32493,0,false
P1949,C30,CR153,2025-12-15,youtube,short,14515,26921,31190,33511,0,false
P1950,C30,CR543,2025-12-31,youtube,short,68152,175693,198085,209720,8320,false
P1951,C30,CR508,2026-01-05,youtube,short,101256,265708,307124,308003,8320,false
P1952,C30,CR416,2026-02-13,youtube,short,250236,659070,737134,737134,42570,false
P1953,C30,CR386,2026-02-06,youtube,long_form,1257,2844,3384,3384,0,false
P1954,C30,CR110,2026-01-01,youtube,long_form,25122,66807,82652,82652,0,false
P1955,C30,CR444,2026-02-25,youtube,long_form,32411,70559,75997,83688,0,false
P1956,C30,CR540,2026-02-04,youtube,short,90015,243994,280123,301964,8320,false
P1957,C30,CR111,2026-03-09,youtube,short,220646,411104,448300,499882,8320,false
P1958,C30,CR277,2026-02-12,youtube,short,716907,1512294,1834596,1853357,42570,false
P1959,C30,CR297,2025-12-28,youtube,short,1313382,2533639,2812921,2913344,77880,false
P1960,C30,CR042,2026-01-10,youtube,long_form,4630,11287,12711,14442,0,false
P1961,C30,CR029,2025-12-31,youtube,long_form,15796,29797,33263,37384,0,false
P1962,C30,CR530,2026-02-14,youtube,short,101273,207699,243045,252228,8320,false
P1963,C30,CR581,2026-02-22,youtube,short,15476,32760,39312,43192,0,false
P1964,C30,CR147,2026-02-25,youtube,long_form,39493,108490,122626,123279,8320,false
P1965,C30,CR462,2026-02-01,youtube,long_form,2999,6258,7623,7623,0,false
P1966,C30,CR097,2026-03-07,youtube,short,4400,9937,11675,12620,0,false
P1967,C30,CR472,2026-03-02,youtube,short,21993,42616,48165,50284,0,false
P1968,C30,CR221,2026-01-22,youtube,short,10692,20498,23407,23407,0,false
P1969,C30,CR265,2026-01-18,youtube,long_form,796,2125,2555,2555,0,false
P1970,C30,CR369,2026-03-05,youtube,short,1072,2670,3062,3062,0,false
P1971,C30,CR072,2026-02-04,youtube,long_form,553,1136,1336,1416,0,false
P1972,C30,CR312,2026-03-06,youtube,short,26586,48634,56671,58095,0,false
P1973,C30,CR300,2026-01-26,youtube,short,167362,173964,180154,180154,8320,true
P1974,C30,CR392,2025-12-25,youtube,long_form,337,956,1207,1207,0,false
P1975,C30,CR209,2026-03-15,youtube,short,52460,134081,156263,159073,8320,false
P1976,C30,CR402,2026-03-01,youtube,short,14100,25712,31113,31357,0,false
P1977,C30,CR401,2026-02-01,youtube,long_form,7510,20187,22393,23902,0,false
P1978,C30,CR545,2025-12-18,youtube,short,261329,480478,567212,567212,8320,false
P1979,C30,CR248,2026-01-17,youtube,long_form,4290,7987,8872,9453,0,false
P1980,C30,CR173,2026-01-29,youtube,short,1679,4108,4536,5055,0,false
P1981,C30,CR317,2026-01-10,youtube,short,137789,283331,340080,355109,8320,false
P1982,C30,CR232,2026-02-13,youtube,short,33761,74219,88711,88711,0,false
P1983,C30,CR398,2026-02-22,youtube,long_form,146308,158667,162705,165987,8320,true
P1984,C30,CR198,2026-01-11,youtube,short,436,1011,1201,1201,0,false
P1985,C30,CR179,2026-02-28,youtube,short,33890,87129,92556,101802,0,false
P1986,C30,CR433,2026-01-01,youtube,short,2593,7364,8965,8965,0,false
P1987,C31,CR523,2025-10-03,youtube,short,45,97,110,116,0,false
P1988,C31,CR125,2025-08-12,youtube,short,143,343,406,406,0,false
P1989,C31,CR507,2025-10-07,youtube,short,1925,5094,5710,5710,0,false
P1990,C31,CR083,2025-10-12,youtube,short,6658,15812,18049,18591,500,false
P1991,C31,CR033,2025-09-23,youtube,short,32522,78372,91507,91507,2000,false
P1992,C31,CR329,2025-09-14,youtube,short,195,410,489,489,0,false
P1993,C31,CR407,2025-09-08,youtube,short,2619,7436,8788,9344,0,false
P1994,C31,CR509,2025-08-20,youtube,short,130243,319273,369037,380276,5000,false
P1995,C31,CR402,2025-08-28,youtube,long_form,785,2006,2417,2417,0,false
P1996,C31,CR218,2025-08-20,youtube,short,918,2368,2661,2946,0,false
P1997,C31,CR257,2025-10-04,youtube,short,18176,41724,48941,48941,500,false
P1998,C31,CR487,2025-10-06,youtube,long_form,279,541,621,639,0,false
P1999,C31,CR063,2025-09-26,youtube,short,50770,94719,108459,108459,2000,false
P2000,C31,CR377,2025-08-28,youtube,long_form,123,319,344,355,0,false
P2001,C31,CR517,2025-08-21,youtube,short,80,186,212,212,0,false
P2002,C31,CR207,2025-09-23,youtube,short,400,754,891,901,0,false
P2003,C31,CR534,2025-09-21,youtube,short,1078,2027,2434,2434,0,false
P2004,C31,CR248,2025-08-17,youtube,short,33158,62909,72005,75558,2000,false
P2005,C31,CR451,2025-08-22,youtube,long_form,734,1588,1912,1982,0,false
P2006,C31,CR002,2025-09-21,youtube,short,30345,61682,73181,79549,2000,false
P2007,C31,CR513,2025-08-20,youtube,short,260,514,590,595,0,false
P2008,C31,CR342,2025-09-09,youtube,long_form,55,108,123,127,0,false
P2009,C31,CR531,2025-10-12,youtube,short,154,374,428,456,0,false
P2010,C31,CR219,2025-09-04,youtube,long_form,19,48,54,57,0,false
P2011,C31,CR396,2025-09-09,youtube,short,2685,4950,6039,6610,0,false
P2012,C31,CR082,2025-10-01,youtube,long_form,130,258,309,309,0,false
P2013,C31,CR014,2025-09-23,youtube,short,3104,8069,9988,9988,0,false
P2014,C31,CR291,2025-09-17,youtube,short,4194,10963,12396,12396,500,false
P2015,C31,CR010,2025-08-22,youtube,short,9927,23133,25870,27470,500,false
P2016,C31,CR158,2025-09-18,youtube,short,637,1442,1511,1661,0,false
P2017,C31,CR303,2025-09-13,youtube,long_form,852,2205,2659,2809,0,false
P2018,C31,CR221,2025-09-11,youtube,long_form,36698,40508,41878,42444,500,true
P2019,C31,CR522,2025-10-10,youtube,short,1636,3011,3480,3553,0,false
P2020,C31,CR521,2025-08-23,youtube,long_form,875,1637,1954,2006,0,false
P2021,C31,CR172,2025-09-15,youtube,short,70,184,220,220,0,false
P2022,C31,CR192,2025-08-31,youtube,short,929,2135,2293,2494,0,false
P2023,C31,CR045,2025-10-01,youtube,short,24,67,83,83,0,false
P2024,C31,CR265,2025-09-23,youtube,short,7546,13859,15516,16361,500,false
P2025,C31,CR492,2025-10-05,youtube,short,223,609,707,712,0,false
P2026,C31,CR088,2025-08-26,youtube,short,678,1392,1600,1708,0,false
P2027,C31,CR116,2025-10-04,youtube,long_form,1665,3422,3839,4405,0,false
P2028,C31,CR497,2025-08-27,youtube,short,1559,3521,4131,4131,0,false
P2029,C31,CR037,2025-09-02,youtube,short,42,79,89,95,0,false
P2030,C31,CR317,2025-08-22,youtube,long_form,1340,2533,3020,3060,0,false
P2031,C31,CR255,2025-08-14,youtube,short,545,1118,1188,1321,0,false
P2032,C31,CR140,2025-08-11,youtube,short,285,731,831,837,0,false
P2033,C31,CR325,2025-09-26,youtube,short,1106,2053,2435,2435,0,false
P2034,C31,CR273,2025-08-11,youtube,long_form,5471,5999,6196,6268,0,true
P2035,C31,CR101,2025-10-07,youtube,short,970,1767,1835,2106,0,false
P2036,C31,CR213,2025-08-17,youtube,short,246,470,549,564,0,false
P2037,C31,CR270,2025-09-25,youtube,short,1668,4053,4926,4930,0,false
P2038,C31,CR341,2025-09-08,youtube,long_form,80,209,220,238,0,false
P2039,C31,CR268,2025-08-10,youtube,short,917,2062,2387,2441,0,false
P2040,C32,CR406,2025-11-05,youtube,long_form,442,984,1053,1235,0,false
P2041,C32,CR503,2025-11-27,youtube,short,79701,215113,245862,257597,16270,false
P2042,C32,CR179,2025-10-05,youtube,short,158613,175401,181964,184033,16270,true
P2043,C32,CR401,2025-10-14,youtube,short,11752,22291,25336,25632,1070,false
P2044,C32,CR546,2025-11-14,youtube,long_form,42642,82711,94522,104839,3230,false
P2045,C32,CR400,2025-12-11,youtube,short,16860,35861,42165,44819,3230,false
P2046,C32,CR353,2025-11-23,youtube,long_form,45675,117945,135525,151806,3230,false
P2047,C32,CR317,2025-11-27,youtube,short,177900,422454,479155,510615,16270,false
P2048,C32,CR050,2025-10-12,youtube,long_form,55893,150847,176472,182702,16270,false
P2049,C32,CR007,2025-11-10,youtube,short,3683,10004,11124,11596,0,false
P2050,C32,CR509,2025-10-08,youtube,short,6950,15050,16584,18303,0,false
P2051,C32,CR387,2025-11-05,youtube,long_form,18,42,48,50,0,false
P2052,C32,CR369,2025-10-01,youtube,short,33601,78714,94021,99253,3230,false
P2053,C32,CR168,2025-09-25,youtube,short,8900,24606,29102,30687,1070,false
P2054,C32,CR449,2025-11-15,youtube,long_form,6895,15303,18266,19840,0,false
P2055,C32,CR572,2025-09-27,youtube,short,32149,80579,90748,100239,3230,false
P2056,C32,CR386,2025-11-29,youtube,short,13044,30329,33781,36878,3230,false
P2057,C32,CR064,2025-12-13,youtube,short,6323,11913,13672,13987,0,false
P2058,C32,CR256,2025-09-24,youtube,short,177,416,467,509,0,false
P2059,C32,CR521,2025-10-10,youtube,short,5442,14404,15805,16905,0,false
P2060,C32,CR462,2025-11-21,youtube,long_form,1252,2857,3412,3517,0,false
P2061,C32,CR281,2025-10-02,youtube,short,467731,898474,1028816,1048823,64670,false
P2062,C32,CR207,2025-11-25,youtube,short,597,1168,1270,1366,0,false
P2063,C32,CR149,2025-10-15,youtube,long_form,676,1623,1809,1815,0,false
P2064,C32,CR257,2025-11-03,youtube,short,6161,16564,18754,18997,0,false
P2065,C32,CR396,2025-10-06,youtube,short,165,396,503,503,0,false
P2066,C32,CR258,2025-12-19,youtube,short,83167,166898,189704,195158,16270,false
P2067,C32,CR392,2025-11-15,youtube,short,294245,646059,722086,773387,64670,false
P2068,C32,CR101,2025-10-25,youtube,short,943,2674,3245,3245,0,false
P2069,C32,CR056,2025-09-20,youtube,short,605,1416,1673,1774,0,false
P2070,C32,CR116,2025-12-07,youtube,long_form,85,234,283,295,0,false
P2071,C32,CR545,2025-10-11,youtube,short,11056,21766,26343,26343,1070,false
P2072,C32,CR209,2025-12-22,youtube,long_form,32967,36133,36931,37387,3230,true
P2073,C32,CR002,2025-11-19,youtube,short,15888,38722,46320,46344,3230,false
P2074,C32,CR198,2025-11-19,youtube,short,4464,10920,11656,13105,0,false
P2075,C32,CR046,2025-10-20,youtube,short,25713,51666,57715,63126,3230,false
P2076,C32,CR140,2025-12-01,youtube,short,147,407,480,506,0,false
P2077,C32,CR171,2025-12-14,youtube,short,3416,8897,10332,10332,0,false
P2078,C32,CR309,2025-11-19,youtube,long_form,1535,3329,4053,4053,0,false
P2079,C32,CR072,2025-09-23,youtube,short,64280,119104,138367,138367,3230,false
P2080,C32,CR248,2025-09-28,youtube,short,19453,55436,65322,65636,3230,false
P2081,C32,CR399,2025-11-23,youtube,short,62273,146652,163174,183911,16270,false
P2082,C32,CR299,2025-12-23,youtube,short,2359,5028,5932,5932,0,false
P2083,C32,CR595,2025-12-07,youtube,short,1051,2540,2897,3140,0,false
P2084,C32,CR190,2025-11-16,youtube,short,6564,12536,14526,14772,0,false
P2085,C32,CR173,2025-12-18,youtube,long_form,2152,4074,4546,5067,0,false
P2086,C32,CR083,2025-10-31,youtube,short,16726,30706,35074,35544,3230,false
P2087,C32,CR232,2025-10-18,youtube,short,13550,32989,37053,42876,3230,false
P2088,C32,CR153,2025-11-02,youtube,short,8237,17427,19816,20873,1070,false
P2089,C32,CR033,2025-11-28,youtube,short,248179,479937,537894,572844,16270,false
P2090,C32,CR599,2025-11-08,youtube,short,7737,16315,17690,18998,0,false
P2091,C32,CR010,2025-10-01,youtube,short,8916,16265,18821,22113,0,false
P2092,C32,CR175,2025-10-17,youtube,short,217070,519655,584795,600560,16270,false
P2093,C32,CR377,2025-10-07,youtube,short,670,1825,2058,2174,0,false
P2094,C32,CR445,2025-12-24,youtube,short,1237,3531,4086,4086,0,false
P2095,C32,CR426,2025-12-16,youtube,long_form,476,866,1050,1050,0,false
P2096,C32,CR436,2025-12-10,youtube,short,1312,2981,3682,3682,0,false
P2097,C32,CR210,2025-11-21,youtube,short,455418,485394,498888,506043,16270,true
P2098,C32,CR448,2025-12-03,youtube,short,19775,44592,53788,53788,3230,false
P2099,C32,CR402,2025-12-17,youtube,short,5707,14164,16622,16637,0,false
P2100,C32,CR310,2025-11-15,youtube,short,3171,8290,9730,10125,0,false
P2101,C32,CR213,2025-10-08,youtube,short,115,261,302,304,0,false
P2102,C32,CR518,2025-11-29,youtube,long_form,156,440,502,528,0,false
P2103,C32,CR047,2025-09-23,youtube,long_form,792,1726,1888,2103,0,false
P2104,C32,CR131,2025-12-06,youtube,short,48574,100455,115179,130904,3230,false
P2105,C32,CR433,2025-11-27,youtube,short,3899,7821,8425,9305,0,false
P2106,C32,CR088,2025-11-23,youtube,long_form,377,868,1028,1041,0,false
P2107,C33,CR314,2025-09-10,instagram,reel,2136844,2226982,2315185,2325199,15000,true
P2108,C33,CR383,2025-09-20,instagram,reel,9082,19114,21280,22754,500,false
P2109,C33,CR504,2025-08-31,instagram,reel,161042,325755,375865,404311,5000,false
P2110,C33,CR371,2025-09-19,instagram,reel,290866,547724,649320,649320,15000,false
P2111,C33,CR122,2025-07-27,instagram,reel,1179808,1305456,1333149,1349778,15000,true
P2112,C33,CR439,2025-09-02,instagram,carousel,72857,137112,157168,158806,5000,false
P2113,C33,CR197,2025-10-03,instagram,reel,565136,1535057,1767957,1913255,15000,false
P2114,C33,CR135,2025-07-28,instagram,reel,57219,128963,147746,153757,5000,false
P2115,C33,CR349,2025-08-18,instagram,reel,1385139,3191596,3828791,3983315,15000,false
P2116,C33,CR100,2025-08-13,instagram,reel,642599,1315443,1577685,1602200,15000,false
P2117,C33,CR236,2025-09-16,instagram,reel,3326,6357,6985,7882,0,false
P2118,C33,CR079,2025-08-11,instagram,reel,7078,17440,20622,21703,500,false
P2119,C33,CR136,2025-08-03,instagram,reel,8228,23412,28914,28914,500,false
P2120,C33,CR093,2025-08-23,instagram,carousel,648,1304,1515,1561,0,false
P2121,C33,CR364,2025-08-27,instagram,reel,3612,9303,10821,11343,0,false
P2122,C33,CR189,2025-08-22,instagram,carousel,2237,6319,7497,7727,0,false
P2123,C33,CR388,2025-10-04,instagram,reel,96330,195173,221922,247156,5000,false
P2124,C33,CR089,2025-09-30,instagram,carousel,845376,2239229,2605804,2733061,15000,false
P2125,C33,CR340,2025-07-28,instagram,reel,22245,48439,51910,59691,500,false
P2126,C33,CR527,2025-08-13,instagram,carousel,13035,34657,38737,39904,500,false
P2127,C33,CR428,2025-09-04,instagram,reel,11148,12185,12494,12667,500,true
P2128,C33,CR571,2025-08-06,instagram,reel,115576,294961,324620,339377,5000,false
P2129,C33,CR372,2025-10-06,instagram,reel,476403,882687,965186,1044042,15000,false
P2130,C33,CR016,2025-07-29,instagram,reel,1291,2854,3075,3299,0,false
P2131,C33,CR108,2025-09-09,instagram,reel,31733,82385,90239,101786,2000,false
P2132,C33,CR275,2025-08-01,instagram,carousel,10162,20462,22232,24736,500,false
P2133,C33,CR505,2025-07-29,instagram,reel,3020,5958,6384,7518,0,false
P2134,C33,CR215,2025-08-03,instagram,reel,34060,61945,75234,75234,2000,false
P2135,C33,CR167,2025-08-14,instagram,reel,55273,133408,158375,158466,5000,false
P2136,C33,CR178,2025-08-09,instagram,carousel,65630,158142,176875,195352,5000,false
P2137,C33,CR180,2025-07-27,instagram,carousel,8453,23090,26595,26595,500,false
P2138,C33,CR319,2025-08-08,instagram,carousel,591,1231,1380,1566,0,false
P2139,C33,CR026,2025-10-05,instagram,carousel,1076,3066,3641,3785,0,false
P2140,C33,CR137,2025-09-17,instagram,reel,432481,925100,1045005,1140203,15000,false
P2141,C33,CR429,2025-08-29,instagram,reel,1677215,3055235,3457378,3537528,15000,false
P2142,C33,CR204,2025-08-03,instagram,reel,1015039,2203524,2620495,2620495,15000,false
P2143,C33,CR443,2025-08-03,instagram,reel,7333,15646,17939,19109,500,false
P2144,C33,CR345,2025-09-11,instagram,reel,573,1056,1284,1284,0,false
P2145,C33,CR161,2025-10-03,instagram,carousel,56090,108560,127957,129644,5000,false
P2146,C33,CR160,2025-08-10,instagram,reel,73218,138939,161585,161585,5000,false
P2147,C33,CR092,2025-08-24,instagram,reel,189743,413710,470813,470813,5000,false
P2148,C33,CR027,2025-07-31,instagram,carousel,506687,1192339,1430394,1431746,15000,false
P2149,C33,CR214,2025-07-31,instagram,reel,28732,74418,87244,87244,2000,false
P2150,C33,CR486,2025-08-04,instagram,reel,39952,105803,128117,129752,5000,false
P2151,C33,CR582,2025-09-27,instagram,carousel,26279,56774,66256,69450,2000,false
P2152,C33,CR589,2025-09-19,instagram,reel,134764,357645,412056,438606,5000,false
P2153,C33,CR074,2025-09-22,instagram,reel,70035,128527,146057,155345,5000,false
P2154,C33,CR437,2025-08-06,instagram,reel,35271,67584,78098,79394,2000,false
P2155,C33,CR528,2025-08-07,instagram,reel,10935,29487,34047,34575,500,false
P2156,C33,CR296,2025-09-19,instagram,carousel,169483,177795,181584,184539,5000,true
P2157,C34,CR479,2025-08-12,instagram,reel,303756,313063,320917,327976,2800,true
P2158,C34,CR538,2025-08-27,instagram,reel,2107,4783,5447,5726,140,false
P2159,C34,CR049,2025-09-24,instagram,reel,4236,10517,12200,12200,230,false
P2160,C34,CR024,2025-09-28,instagram,carousel,82,206,236,236,0,false
P2161,C34,CR414,2025-09-09,instagram,reel,467,1077,1258,1338,0,false
P2162,C34,CR592,2025-09-03,instagram,reel,139,290,334,343,0,false
P2163,C34,CR374,2025-09-30,instagram,reel,2786,6898,7870,8473,230,false
P2164,C34,CR554,2025-08-29,instagram,carousel,392,1064,1271,1358,0,false
P2165,C34,CR591,2025-08-20,instagram,carousel,1172,2695,3113,3113,140,false
P2166,C34,CR422,2025-08-28,instagram,reel,6097,14263,15876,16759,230,false
P2167,C34,CR141,2025-08-13,instagram,reel,1022,2250,2557,2756,0,false
P2168,C34,CR423,2025-08-30,instagram,reel,179,362,419,422,0,false
P2169,C34,CR250,2025-09-25,instagram,reel,12870,24728,28292,29473,490,false
P2170,C34,CR361,2025-09-03,instagram,reel,9417,25022,27476,29584,490,false
P2171,C34,CR169,2025-08-28,instagram,reel,198,389,476,476,0,false
P2172,C34,CR427,2025-09-16,instagram,reel,180,478,535,574,0,false
P2173,C34,CR132,2025-08-20,instagram,reel,506,1357,1673,1673,0,false
P2174,C34,CR424,2025-09-27,instagram,reel,625,1525,1779,1779,0,false
P2175,C34,CR446,2025-08-16,instagram,reel,8677,23179,26606,26606,490,false
P2176,C34,CR150,2025-08-24,instagram,reel,444,993,1181,1215,0,false
P2177,C34,CR519,2025-08-15,instagram,carousel,328,915,1059,1088,0,false
P2178,C34,CR028,2025-08-24,instagram,carousel,2121,2283,2349,2371,140,true
P2179,C34,CR062,2025-09-16,instagram,reel,652,1838,2057,2252,0,false
P2180,C34,CR099,2025-10-05,instagram,carousel,79,172,211,211,0,false
P2181,C34,CR553,2025-08-26,instagram,reel,2433,5230,5587,6617,140,false
P2182,C34,CR501,2025-09-09,instagram,carousel,135,267,309,316,0,false
P2183,C34,CR574,2025-08-13,instagram,reel,758,2019,2416,2528,0,false
P2184,C34,CR380,2025-09-01,instagram,reel,274,611,704,710,0,false
P2185,C34,CR382,2025-09-15,instagram,carousel,152,374,433,434,0,false
P2186,C34,CR294,2025-09-29,instagram,reel,14,38,44,45,0,false
P2187,C34,CR410,2025-09-14,instagram,reel,131,364,412,449,0,false
P2188,C34,CR196,2025-09-14,instagram,reel,251,553,647,670,0,false
P2189,C34,CR471,2025-08-22,instagram,reel,616,1535,1701,1772,0,false
P2190,C34,CR004,2025-08-09,instagram,reel,206,423,493,509,0,false
P2191,C34,CR421,2025-08-15,instagram,reel,1679,4410,4967,5702,140,false
P2192,C34,CR326,2025-09-10,instagram,carousel,1924,4866,5558,5888,140,false
P2193,C34,CR124,2025-08-18,instagram,reel,866,1946,2164,2208,0,false
P2194,C34,CR408,2025-08-12,instagram,carousel,4877,12136,13620,14592,230,false
P2195,C34,CR246,2025-09-16,instagram,reel,1400,2876,3138,3223,140,false
P2196,C34,CR598,2025-08-17,instagram,reel,796,1660,1962,2054,0,false
P2197,C34,CR378,2025-08-30,instagram,carousel,698,1293,1548,1557,0,false
P2198,C34,CR217,2025-08-09,instagram,reel,4868,9835,11166,12507,230,false
P2199,C34,CR360,2025-09-21,instagram,reel,1195,2811,3110,3394,140,false
P2200,C34,CR095,2025-09-03,instagram,reel,7374,13956,16494,16590,230,false
P2201,C34,CR480,2025-08-29,instagram,reel,725,1692,1908,1966,0,false
P2202,C34,CR532,2025-08-10,instagram,reel,246,563,685,685,0,false
P2203,C34,CR053,2025-10-01,instagram,carousel,1132,2472,2941,2941,140,false
P2204,C34,CR026,2025-10-04,instagram,carousel,47330,52050,53419,53845,2800,true
P2205,C34,CR489,2025-10-01,instagram,reel,682,1323,1471,1605,0,false
P2206,C34,CR199,2025-08-30,instagram,carousel,227,476,527,586,0,false
P2207,C34,CR304,2025-09-11,instagram,carousel,447,1146,1335,1527,0,false
P2208,C34,CR285,2025-09-06,instagram,reel,748,1848,2270,2375,0,false
P2209,C34,CR385,2025-09-30,instagram,reel,138,394,481,481,0,false
P2210,C34,CR548,2025-09-04,instagram,carousel,128,291,336,338,0,false
P2211,C34,CR391,2025-10-05,instagram,reel,2276,4853,5588,5783,140,false
P2212,C34,CR091,2025-10-03,instagram,reel,153,318,361,361,0,false
P2213,C34,CR355,2025-09-08,instagram,reel,2263,4915,5889,6169,140,false
P2214,C34,CR144,2025-08-23,instagram,carousel,1595,3433,4025,4025,140,false
P2215,C34,CR524,2025-09-11,instagram,reel,777,1676,1833,2120,0,false
P2216,C34,CR365,2025-09-19,instagram,reel,625,1180,1456,1456,0,false
P2217,C34,CR253,2025-08-26,instagram,reel,1441,3581,4181,4310,140,false
P2218,C34,CR252,2025-09-11,instagram,reel,3707,7069,7909,9135,230,false
P2219,C34,CR102,2025-09-17,instagram,reel,505,921,1066,1075,0,false
P2220,C34,CR337,2025-09-30,instagram,reel,802,2131,2597,2597,0,false
P2221,C34,CR103,2025-09-23,instagram,carousel,175,495,586,601,0,false
P2222,C34,CR182,2025-08-24,instagram,reel,1072,2861,3445,3456,140,false
P2223,C34,CR076,2025-10-03,instagram,reel,6553,12434,13830,15271,230,false
P2224,C34,CR052,2025-09-02,instagram,carousel,4353,10112,12320,12320,230,false
P2225,C34,CR566,2025-08-28,instagram,reel,647,1182,1334,1483,0,false
P2226,C34,CR284,2025-09-27,instagram,carousel,936,1733,1982,2086,0,false
P2227,C34,CR286,2025-08-16,instagram,reel,211,511,571,602,0,false
P2228,C34,CR133,2025-09-23,instagram,reel,257,483,567,567,0,false
P2229,C34,CR457,2025-09-12,instagram,carousel,380,729,904,916,0,false
P2230,C34,CR228,2025-08-25,instagram,reel,152,317,386,386,0,false
P2231,C34,CR292,2025-09-29,instagram,reel,323,905,1018,1090,0,false
P2232,C34,CR307,2025-10-07,instagram,reel,2567,6369,7278,7625,230,false
P2233,C34,CR346,2025-10-01,instagram,reel,3003,5715,6852,6946,140,false
P2234,C34,CR075,2025-08-27,instagram,carousel,20048,49460,56024,60559,2800,false
P2235,C34,CR552,2025-10-07,instagram,reel,12288,28350,33330,33671,490,false
P2236,C34,CR054,2025-08-15,instagram,reel,62,117,146,146,0,false
P2237,C34,CR511,2025-08-28,instagram,reel,81,178,226,226,0,false
P2238,C34,CR201,2025-09-28,instagram,reel,59,121,134,153,0,false
P2239,C34,CR359,2025-09-14,instagram,reel,11369,25732,29984,31539,490,false
P2240,C34,CR384,2025-08-17,instagram,reel,3812,8656,10218,11014,230,false
P2241,C34,CR357,2025-09-11,instagram,reel,2524,2774,2840,2892,140,true
P2242,C34,CR318,2025-09-01,instagram,reel,254,511,578,578,0,false
P2243,C34,CR536,2025-09-02,instagram,reel,353,741,790,893,0,false
P2244,C34,CR308,2025-08-24,instagram,carousel,22946,57667,57667,70343,2800,false
P2245,C34,CR109,2025-09-16,instagram,reel,200,512,582,589,0,false
P2246,C34,CR541,2025-09-02,instagram,carousel,899,1638,1887,1986,0,false
P2247,C34,CR596,2025-09-15,instagram,reel,40557,83732,95462,97919,2800,false
P2248,C34,CR060,2025-08-23,instagram,reel,14209,29902,34525,36038,490,false
P2249,C34,CR431,2025-10-06,instagram,carousel,96,259,300,345,0,false
P2250,C34,CR587,2025-10-06,instagram,reel,173,439,481,584,0,false
P2251,C35,CR589,2025-05-11,instagram,reel,115485,264066,317541,328552,5000,false
P2252,C35,CR092,2025-04-30,instagram,reel,20973,45763,47669,53421,500,false
P2253,C35,CR415,2025-04-07,instagram,reel,22028,54814,64295,66895,2000,false
P2254,C35,CR233,2025-03-29,instagram,carousel,73332,196157,228381,236575,5000,false
P2255,C35,CR052,2025-04-23,instagram,reel,25001,68104,78934,82393,2000,false
P2256,C35,CR024,2025-04-24,instagram,reel,26864,28545,29658,29658,500,true
P2257,C35,CR227,2025-04-09,instagram,reel,56592,133861,149620,161392,5000,false
P2258,C35,CR552,2025-05-14,instagram,reel,8259,19033,21191,22421,500,false
P2259,C35,CR544,2025-04-10,instagram,carousel,2327,4484,5062,5492,0,false
P2260,C35,CR588,2025-04-14,instagram,reel,550,1052,1173,1213,0,false
P2261,C35,CR527,2025-04-29,instagram,reel,2942,5695,6558,6904,0,false
P2262,C35,CR383,2025-05-18,instagram,reel,116096,242601,286462,301079,5000,false
P2263,C35,CR482,2025-04-15,instagram,reel,6345,12271,14543,14586,500,false
P2264,C35,CR478,2025-04-10,instagram,reel,3333,7671,9232,9232,0,false
P2265,C35,CR455,2025-04-13,instagram,reel,22715,59919,68482,73726,2000,false
P2266,C35,CR334,2025-03-27,instagram,reel,65123,120085,139678,149599,5000,false
P2267,C35,CR339,2025-05-11,instagram,reel,49040,113112,126188,139855,5000,false
P2268,C35,CR035,2025-05-01,instagram,reel,2308,4647,5494,5494,0,false
P2269,C35,CR331,2025-04-20,instagram,reel,1744,3575,4101,4547,0,false
P2270,C35,CR397,2025-04-12,instagram,reel,28826,29945,31039,31039,500,true
P2271,C35,CR500,2025-05-15,instagram,reel,54429,123824,145982,145982,5000,false
P2272,C35,CR333,2025-03-24,instagram,carousel,55,127,153,157,0,false
P2273,C35,CR289,2025-04-08,instagram,reel,7703,21533,24292,25831,500,false
P2274,C35,CR244,2025-03-23,instagram,reel,76466,154290,174481,193094,5000,false
P2275,C35,CR354,2025-04-16,instagram,reel,53192,98982,119916,119916,2000,false
P2276,C35,CR510,2025-04-05,instagram,reel,310,605,725,725,0,false
P2277,C35,CR250,2025-04-25,instagram,reel,15507,34140,40336,41252,500,false
P2278,C35,CR146,2025-04-11,instagram,reel,24030,62300,75863,75863,2000,false
P2279,C35,CR068,2025-04-18,instagram,reel,9737,22101,25136,26119,500,false
P2280,C35,CR550,2025-04-27,instagram,reel,58707,112096,127288,133913,5000,false
P2281,C35,CR001,2025-03-29,instagram,reel,10973,29472,34796,37919,500,false
P2282,C35,CR570,2025-05-09,instagram,reel,1883,4305,4967,5233,0,false
P2283,C35,CR502,2025-04-03,instagram,carousel,918,1959,2367,2367,0,false
P2284,C36,CR196,2025-06-05,instagram,reel,1338,2640,2983,3122,60,false
P2285,C36,CR294,2025-07-03,instagram,reel,1000,2402,2935,2935,60,false
P2286,C36,CR205,2025-06-19,instagram,reel,3756,10703,12066,13591,770,false
P2287,C36,CR231,2025-06-14,instagram,reel,267,697,825,849,0,false
P2288,C36,CR454,2025-06-02,instagram,carousel,139,367,410,469,0,false
P2289,C36,CR474,2025-06-30,instagram,reel,1123,3043,3591,3591,60,false
P2290,C36,CR022,2025-06-07,instagram,reel,337,688,795,795,0,false
P2291,C36,CR032,2025-06-27,instagram,reel,1478,3336,3817,4083,60,false
P2292,C36,CR469,2025-06-18,instagram,reel,42,112,131,137,0,false
P2293,C36,CR076,2025-06-29,instagram,carousel,452,1063,1253,1281,60,false
P2294,C36,CR154,2025-06-28,instagram,reel,29357,54814,62183,71575,1610,false
P2295,C36,CR003,2025-06-29,instagram,carousel,184,426,491,491,0,false
P2296,C36,CR333,2025-06-13,instagram,carousel,15,32,39,39,0,false
P2297,C36,CR368,2025-06-07,instagram,carousel,267,557,618,667,0,false
P2298,C36,CR266,2025-06-16,instagram,reel,34130,67043,79410,79410,1610,false
P2299,C36,CR133,2025-06-21,instagram,reel,380,940,1100,1115,0,false
P2300,C36,CR536,2025-06-28,instagram,carousel,452,1246,1388,1448,60,false
P2301,C36,CR305,2025-06-07,instagram,reel,6723,14139,16104,16488,770,false
P2302,C36,CR379,2025-07-03,instagram,carousel,136,335,383,383,0,false
P2303,C36,CR561,2025-06-13,instagram,reel,204,543,612,675,0,false
P2304,C36,CR222,2025-06-09,instagram,reel,4084,4463,4623,4623,60,true
P2305,C36,CR143,2025-06-21,instagram,reel,32051,64672,66671,81465,1610,false
P2306,C36,CR393,2025-06-25,instagram,reel,7538,15804,16267,19341,770,false
P2307,C36,CR235,2025-06-14,instagram,carousel,4213,7799,9188,9889,300,false
P2308,C36,CR316,2025-06-09,instagram,reel,1042,2717,3105,3118,60,false
P2309,C36,CR034,2025-06-02,instagram,reel,11591,27135,31963,31963,1610,false
P2310,C36,CR554,2025-06-04,instagram,carousel,159,362,416,460,0,false
P2311,C36,CR054,2025-06-08,instagram,reel,1659,4300,5204,5606,60,false
P2312,C36,CR538,2025-06-30,instagram,carousel,935,1988,2218,2332,60,false
P2313,C36,CR556,2025-06-19,instagram,reel,724,1335,1547,1722,60,false
P2314,C36,CR550,2025-06-11,instagram,reel,40530,99183,106024,118510,1610,false
P2315,C36,CR558,2025-06-29,instagram,carousel,110,291,330,330,0,false
P2316,C36,CR201,2025-06-06,instagram,reel,242,491,571,579,0,false
P2317,C36,CR375,2025-06-23,instagram,carousel,12057,26859,28698,31778,1610,false
P2318,C36,CR573,2025-06-19,instagram,carousel,10064,10307,10704,10772,770,true
P2319,C36,CR478,2025-06-15,instagram,reel,2018,5053,5951,6186,300,false
P2320,C36,CR225,2025-06-02,instagram,reel,8315,16158,19336,19336,770,false
P2321,C36,CR362,2025-06-23,instagram,reel,841,1762,2002,2104,60,false
P2322,C36,CR424,2025-07-01,instagram,reel,526,1110,1284,1354,60,false
P2323,C36,CR459,2025-07-02,instagram,carousel,1597,1636,1680,1703,60,true
P2324,C36,CR481,2025-06-21,instagram,carousel,971,2752,3212,3221,60,false
P2325,C36,CR093,2025-06-30,instagram,carousel,6968,16700,19553,19553,770,false
P2326,C36,CR199,2025-06-22,instagram,reel,3403,8584,9379,9922,300,false
P2327,C36,CR264,2025-06-17,instagram,reel,667,1826,1937,2220,60,false
P2328,C36,CR023,2025-06-10,instagram,reel,139,339,385,417,0,false
P2329,C36,CR580,2025-06-07,instagram,reel,115,328,398,398,0,false
P2330,C36,CR588,2025-07-03,instagram,reel,3946,8639,10055,10403,300,false
P2331,C36,CR087,2025-06-25,instagram,reel,2254,4855,5796,5796,60,false
P2332,C36,CR117,2025-06-04,instagram,reel,85,228,245,287,0,false
P2333,C36,CR390,2025-07-02,instagram,reel,477441,519115,530686,539191,1610,true
P2334,C36,CR510,2025-06-24,instagram,reel,499,1184,1323,1459,60,false
P2335,C36,CR600,2025-06-16,instagram,reel,1118,2694,3080,3080,60,false
P2336,C36,CR485,2025-06-18,instagram,carousel,1599,3038,3764,3764,60,false
P2337,C36,CR031,2025-06-26,instagram,reel,887,1787,2065,2344,60,false
P2338,C36,CR431,2025-06-10,instagram,reel,2950,5701,6454,7289,300,false
P2339,C36,CR169,2025-06-07,instagram,reel,4124,4343,4468,4529,60,true
P2340,C36,CR162,2025-06-02,instagram,reel,15706,34726,41224,41224,1610,false
P2341,C36,CR385,2025-06-24,instagram,carousel,224,622,730,730,0,false
P2342,C36,CR132,2025-06-11,instagram,reel,23017,25346,26122,26431,770,true
P2343,C36,CR206,2025-06-19,instagram,reel,879,1795,2128,2128,60,false
P2344,C36,CR242,2025-06-21,instagram,reel,4689,13201,15425,16769,770,false
P2345,C36,CR208,2025-06-08,instagram,carousel,77,154,180,181,0,false
P2346,C36,CR195,2025-06-25,instagram,reel,807,2253,2619,2741,60,false
P2347,C36,CR099,2025-06-25,instagram,carousel,170,335,375,385,0,false
P2348,C36,CR070,2025-06-22,instagram,carousel,4957,10421,11992,13109,770,false
P2349,C36,CR335,2025-06-09,instagram,reel,1749,3780,4752,4904,60,false
P2350,C36,CR374,2025-06-16,instagram,reel,5209,12322,14452,15453,770,false
P2351,C36,CR059,2025-06-20,instagram,reel,12707,35347,37000,41233,1610,false
P2352,C36,CR035,2025-06-12,instagram,reel,2289,5793,6562,7039,300,false
P2353,C36,CR271,2025-06-11,instagram,reel,2127,4916,5392,5777,60,false
P2354,C36,CR586,2025-06-03,instagram,reel,837,1602,1845,1878,60,false
P2355,C36,CR094,2025-06-23,instagram,reel,339,895,1025,1078,0,false
P2356,C36,CR185,2025-06-27,instagram,reel,2878,5975,7522,7522,300,false
P2357,C36,CR073,2025-06-08,instagram,carousel,354,1005,1140,1140,0,false
P2358,C36,CR104,2025-06-21,instagram,carousel,8190,22874,26338,26338,770,false
P2359,C36,CR344,2025-06-29,instagram,reel,12845,23403,27753,28624,770,false
P2360,C36,CR091,2025-06-26,instagram,reel,88,161,175,185,0,false
P2361,C36,CR129,2025-06-11,instagram,carousel,99,240,266,277,0,false
P2362,C36,CR338,2025-06-02,instagram,carousel,868,2296,2656,2771,60,false
P2363,C36,CR128,2025-06-12,instagram,reel,2450,5358,6099,6701,300,false
P2364,C36,CR519,2025-06-25,instagram,reel,2037,5094,5683,6233,300,false
P2365,C36,CR477,2025-06-21,instagram,reel,17568,34491,37612,40986,1610,false
P2366,C36,CR352,2025-06-13,instagram,reel,12471,26511,32213,33498,1610,false
P2367,C36,CR552,2025-06-05,instagram,reel,20422,37889,41017,46048,1610,false
P2368,C36,CR252,2025-06-28,instagram,carousel,52,113,120,129,0,false
P2369,C36,CR006,2025-07-02,instagram,reel,2195,4161,4573,5014,60,false
P2370,C37,CR267,2025-10-19,youtube,short,519091,951675,1114423,1188436,15000,false
P2371,C37,CR111,2025-09-12,youtube,short,394082,736650,823632,868423,15000,false
P2372,C37,CR187,2025-11-12,youtube,short,427370,996094,1178759,1228307,15000,false
P2373,C37,CR297,2025-09-24,youtube,short,293466,556212,628627,653548,15000,false
P2374,C37,CR193,2025-10-22,youtube,short,586867,1291602,1481117,1481117,15000,false
P2375,C37,CR243,2025-09-17,youtube,long_form,732218,1888873,2165924,2445457,15000,false
P2376,C37,CR530,2025-10-24,youtube,short,178534,426709,477382,543042,5000,false
P2377,C37,CR310,2025-10-22,youtube,short,515172,559552,579127,579127,15000,true
P2378,C37,CR403,2025-10-28,youtube,short,494807,1065003,1120694,1262351,15000,false
P2379,C37,CR013,2025-11-04,youtube,long_form,57979,156683,172568,198073,5000,false
P2380,C37,CR249,2025-09-12,youtube,short,4436,9209,10311,10311,0,false
P2381,C37,CR202,2025-11-13,youtube,short,154940,361897,401202,432996,5000,false
P2382,C37,CR220,2025-09-14,youtube,short,706075,1284327,1451946,1540122,15000,false
P2383,C37,CR506,2025-10-18,youtube,short,25382,56134,63549,69644,2000,false
P2384,C37,CR152,2025-10-07,youtube,short,813527,2204946,2740035,2773070,15000,false
P2385,C37,CR110,2025-09-10,youtube,short,6036439,14137561,15653604,16756374,15000,false
P2386,C37,CR452,2025-10-09,youtube,long_form,6196,13190,14301,16603,500,false
P2387,C37,CR313,2025-11-09,youtube,short,375186,781655,917836,941668,15000,false
P2388,C37,CR159,2025-10-21,youtube,short,2064856,5692820,6476893,7271092,15000,false
P2389,C37,CR131,2025-09-10,youtube,short,33648,91726,109060,109060,2000,false
P2390,C37,CR416,2025-09-19,youtube,long_form,57886,126876,142131,147548,5000,false
P2391,C37,CR241,2025-10-04,youtube,short,578314,1465302,1635845,1783727,15000,false
P2392,C37,CR018,2025-09-26,youtube,short,186628,351468,411795,415313,5000,false
P2393,C37,CR097,2025-11-03,youtube,short,36246,76629,92038,95089,2000,false
P2394,C37,CR508,2025-11-02,youtube,short,34188,84513,95565,99045,2000,false
P2395,C37,CR572,2025-10-15,youtube,short,186583,390547,447576,479114,5000,false
P2396,C37,CR386,2025-09-30,youtube,short,1274436,1322437,1369287,1373811,15000,true
P2397,C37,CR174,2025-10-04,youtube,long_form,28715,64543,73703,76558,2000,false
P2398,C37,CR050,2025-10-06,youtube,short,1487108,1643790,1679213,1705313,15000,true
P2399,C37,CR581,2025-11-14,youtube,long_form,5293,12363,14276,15189,500,false
P2400,C37,CR438,2025-11-03,youtube,short,8250,22142,24215,26557,500,false
P2401,C37,CR575,2025-09-22,youtube,short,49712,93890,110096,110096,2000,false
P2402,C37,CR277,2025-09-19,youtube,long_form,159874,173685,179576,181923,5000,true
P2403,C37,CR449,2025-10-05,youtube,short,21770,55929,63775,68770,2000,false
P2404,C37,CR298,2025-09-22,youtube,short,79857,221546,261302,278984,5000,false
P2405,C37,CR353,2025-11-12,youtube,short,63447,158795,182717,191551,5000,false
P2406,C37,CR046,2025-10-05,youtube,long_form,8367,16759,19142,19747,500,false
P2407,C37,CR098,2025-09-16,youtube,long_form,13745,38897,44330,45970,500,false
P2408,C37,CR543,2025-10-06,youtube,long_form,1310,2979,3568,3568,0,false
P2409,C37,CR542,2025-09-20,youtube,short,1130000,2904957,3354856,3399941,15000,false
P2410,C37,CR029,2025-11-02,youtube,short,12279,29526,35381,35381,500,false
P2411,C37,CR147,2025-11-09,youtube,long_form,9571,21892,25670,26132,500,false
P2412,C37,CR281,2025-11-06,youtube,short,71614,191080,219592,237898,5000,false
P2413,C37,CR057,2025-10-07,youtube,short,583126,1108595,1272567,1272567,15000,false
P2414,C37,CR351,2025-09-30,youtube,short,25754,56505,64087,72760,2000,false
P2415,C37,CR258,2025-10-31,youtube,long_form,25347,52806,63629,63629,2000,false
P2416,C37,CR540,2025-10-25,youtube,short,97999,271911,303364,333167,5000,false
P2417,C37,CR546,2025-10-09,youtube,short,75895,147636,161166,167417,5000,false
P2418,C37,CR496,2025-11-01,youtube,short,24877,53132,62973,65056,2000,false
P2419,C37,CR503,2025-09-13,youtube,long_form,488618,934266,1136620,1142144,15000,false
P2420,C37,CR042,2025-10-16,youtube,long_form,4533,11660,13849,13849,500,false
P2421,C37,CR394,2025-10-19,youtube,short,28928,70047,80196,82045,2000,false
P2422,C37,CR483,2025-10-14,youtube,short,706743,1640141,1907626,2009106,15000,false
P2423,C37,CR444,2025-11-14,youtube,short,8463,18714,21901,23126,500,false
P2424,C37,CR157,2025-10-06,youtube,short,65056,158453,176624,188742,5000,false
P2425,C37,CR467,2025-11-12,youtube,long_form,52719,116490,127536,135665,5000,false
P2426,C37,CR175,2025-11-11,youtube,short,38459,100820,111865,126816,5000,false
P2427,C38,CR212,2025-04-25,youtube,short,823,2321,2588,2726,150,false
P2428,C38,CR497,2025-05-06,youtube,short,10820,24205,27783,28876,640,false
P2429,C38,CR327,2025-04-08,youtube,short,4209,8295,9610,10189,420,false
P2430,C38,CR462,2025-04-07,youtube,short,256,705,849,878,0,false
P2431,C38,CR192,2025-04-16,youtube,long_form,1510,3382,3842,4080,150,false
P2432,C38,CR468,2025-04-30,youtube,short,16919,45968,55554,55554,640,false
P2433,C38,CR529,2025-04-25,youtube,long_form,5556,11672,13566,13788,420,false
P2434,C38,CR219,2025-04-25,youtube,short,208,473,520,570,0,false
P2435,C38,CR578,2025-04-16,youtube,short,294,604,683,712,0,false
P2436,C38,CR011,2025-05-14,youtube,short,1187,2892,3232,3281,150,false
P2437,C38,CR411,2025-04-20,youtube,long_form,121,309,349,375,0,false
P2438,C38,CR259,2025-04-26,youtube,long_form,1283,2462,2751,2843,150,false
P2439,C38,CR270,2025-05-03,youtube,long_form,65,131,158,160,0,false
P2440,C38,CR342,2025-05-09,youtube,long_form,38,77,90,93,0,false
P2441,C38,CR534,2025-05-10,youtube,long_form,214,487,563,591,0,false
P2442,C38,CR268,2025-05-08,youtube,long_form,161,370,426,461,0,false
P2443,C38,CR072,2025-05-03,youtube,short,22889,48164,55920,57918,640,false
P2444,C38,CR064,2025-04-20,youtube,short,4556,8460,10476,10476,420,false
P2445,C38,CR369,2025-04-26,youtube,short,13222,27210,31873,32673,640,false
P2446,C38,CR332,2025-05-13,youtube,short,100,282,327,341,0,false
P2447,C38,CR184,2025-05-08,youtube,short,3058,5908,6817,7321,150,false
P2448,C38,CR033,2025-05-09,youtube,short,1113,2577,2981,2981,150,false
P2449,C38,CR301,2025-04-27,youtube,short,1475,4048,4852,5065,150,false
P2450,C38,CR523,2025-04-09,youtube,short,134,331,381,408,0,false
P2451,C38,CR030,2025-04-30,youtube,short,410,959,1017,1130,0,false
P2452,C38,CR056,2025-04-25,youtube,long_form,89,249,272,304,0,false
P2453,C38,CR324,2025-04-22,youtube,long_form,5600,15849,16946,19625,420,false
P2454,C38,CR517,2025-05-04,youtube,long_form,355,840,997,1043,0,false
P2455,C38,CR366,2025-05-05,youtube,short,1549,2881,3336,3359,150,false
P2456,C38,CR171,2025-04-18,youtube,short,22307,62049,70781,77505,3590,false
P2457,C38,CR595,2025-04-15,youtube,short,688,1449,1633,1805,0,false
P2458,C38,CR348,2025-04-18,youtube,short,5865,15103,18308,18308,420,false
P2459,C38,CR051,2025-05-01,youtube,short,2531,7082,7953,8774,420,false
P2460,C38,CR531,2025-05-09,youtube,short,51,108,130,131,0,false
P2461,C38,CR557,2025-05-10,youtube,short,3238,6174,7095,7319,150,false
P2462,C38,CR116,2025-04-12,youtube,short,1724,3212,3522,3931,150,false
P2463,C38,CR396,2025-04-11,youtube,short,735,1500,1639,1981,0,false
P2464,C38,CR377,2025-04-17,youtube,long_form,1990,4027,4634,4658,150,false
P2465,C38,CR188,2025-04-27,youtube,long_form,1086,2948,3412,3877,150,false
P2466,C38,CR597,2025-05-08,youtube,short,384,793,886,933,0,false
P2467,C38,CR436,2025-04-12,youtube,long_form,1694,3245,3708,3708,150,false
P2468,C38,CR262,2025-05-02,youtube,long_form,99,222,263,263,0,false
P2469,C38,CR300,2025-04-21,youtube,short,5043,12403,14786,15291,420,false
P2470,C38,CR256,2025-04-14,youtube,long_form,59,108,122,134,0,false
P2471,C38,CR448,2025-04-28,youtube,short,15749,31297,33745,37730,640,false
P2472,C38,CR419,2025-04-08,youtube,short,80,148,180,181,0,false
P2473,C38,CR509,2025-05-12,youtube,short,42718,85356,102425,102425,3590,false
P2474,C38,CR522,2025-05-03,youtube,short,2114,4030,4611,4707,150,false
P2475,C38,CR158,2025-05-05,youtube,long_form,592,1171,1348,1365,0,false
P2476,C38,CR179,2025-04-21,youtube,long_form,6603,13743,15764,15764,420,false
P2477,C38,CR303,2025-04-16,youtube,long_form,144,277,317,331,0,false
P2478,C38,CR417,2025-04-19,youtube,short,1110,3147,3717,3791,150,false
P2479,C38,CR172,2025-05-07,youtube,long_form,48,103,119,121,0,false
P2480,C38,CR476,2025-04-13,youtube,short,729,1781,2134,2271,0,false
P2481,C38,CR273,2025-04-14,youtube,short,220,407,476,487,0,false
P2482,C38,CR221,2025-05-09,youtube,short,312301,328004,340546,340546,3590,true
P2483,C38,CR276,2025-05-10,youtube,short,534,1094,1279,1330,0,false
P2484,C38,CR066,2025-05-12,youtube,long_form,24,58,61,71,0,false
P2485,C38,CR038,2025-05-03,youtube,long_form,6215,13842,15609,16686,420,false
P2486,C38,CR216,2025-04-26,youtube,short,242,468,539,569,0,false
P2487,C38,CR190,2025-04-14,youtube,long_form,2048,4070,4715,4958,150,false
P2488,C38,CR088,2025-05-10,youtube,short,2284,5389,6519,6856,150,false
P2489,C38,CR329,2025-04-15,youtube,long_form,1445,3677,4284,4368,150,false
P2490,C38,CR274,2025-04-19,youtube,long_form,32,65,75,77,0,false
P2491,C38,CR291,2025-04-24,youtube,long_form,150,404,485,485,0,false
P2492,C38,CR398,2025-05-06,youtube,short,36882,94484,110573,110573,3590,false
P2493,C38,CR037,2025-04-20,youtube,short,47,120,130,143,0,false
P2494,C38,CR207,2025-04-08,youtube,short,5752,15301,16316,19050,420,false
P2495,C38,CR426,2025-04-29,youtube,long_form,2883,6418,7601,7962,150,false
P2496,C38,CR507,2025-05-09,youtube,short,1685,3976,4651,4680,150,false
P2497,C38,CR487,2025-04-11,youtube,long_form,182,429,481,553,0,false
P2498,C38,CR134,2025-04-30,youtube,long_form,714,737,762,767,0,true
P2499,C38,CR101,2025-04-26,youtube,short,2519,4978,5957,6276,150,false
P2500,C38,CR008,2025-04-22,youtube,short,15056,27542,28275,32945,640,false
P2501,C38,CR406,2025-04-19,youtube,long_form,7184,7961,8208,8273,420,true
P2502,C38,CR213,2025-04-14,youtube,long_form,102,274,325,325,0,false
P2503,C38,CR113,2025-04-29,youtube,short,3208,6827,7973,7973,420,false
P2504,C38,CR309,2025-04-16,youtube,long_form,7845,15198,17914,17914,420,false
P2505,C38,CR513,2025-04-27,youtube,long_form,25,63,73,77,0,false
P2506,C38,CR387,2025-04-11,youtube,short,9424,17675,19867,21027,420,false
P2507,C38,CR402,2025-04-27,youtube,short,107122,118645,122363,122363,3590,true
P2508,C38,CR370,2025-04-18,youtube,short,129934,252533,293578,296072,3590,false
P2509,C38,CR248,2025-05-07,youtube,short,80832,161727,189810,199127,3590,false
P2510,C38,CR218,2025-05-11,youtube,short,66,151,182,182,0,false
P2511,C38,CR451,2025-05-01,youtube,short,1291,2921,3257,3607,150,false
P2512,C38,CR107,2025-04-16,youtube,short,73,146,173,173,0,false
P2513,C38,CR198,2025-04-30,youtube,long_form,3271,8739,10494,10494,420,false
P2514,C38,CR163,2025-04-23,youtube,short,7961,16382,19156,19156,420,false
P2515,C38,CR363,2025-04-22,youtube,short,539,1168,1267,1515,0,false
P2516,C38,CR082,2025-04-14,youtube,long_form,429,1094,1263,1263,0,false
P2517,C38,CR400,2025-05-13,youtube,short,16142,35196,41343,42862,640,false
P2518,C38,CR014,2025-04-30,youtube,long_form,3056,7809,8442,8699,420,false
P2519,C38,CR473,2025-05-08,youtube,short,12371,28378,31929,36136,640,false
P2520,C38,CR019,2025-04-19,youtube,short,364,802,921,986,0,false
P2521,C38,CR321,2025-04-27,youtube,short,267,641,763,763,0,false
P2522,C38,CR325,2025-05-12,youtube,short,833,1870,1982,2165,0,false
P2523,C38,CR492,2025-04-09,youtube,short,3126,7835,8754,9263,420,false
P2524,C38,CR518,2025-04-25,youtube,long_form,495,1293,1479,1566,0,false
P2525,C39,CR557,2025-08-18,youtube,short,1715,3255,3816,4081,0,false
P2526,C39,CR276,2025-08-12,youtube,short,28422,54845,60198,69915,2000,false
P2527,C39,CR045,2025-09-04,youtube,long_form,15,30,36,36,0,false
P2528,C39,CR172,2025-07-18,youtube,short,253,698,810,849,0,false
P2529,C39,CR008,2025-07-21,youtube,short,7284,17659,21860,22281,500,false
P2530,C39,CR396,2025-08-10,youtube,long_form,140,277,317,329,0,false
P2531,C39,CR190,2025-08-31,youtube,long_form,12416,23799,28272,29394,500,false
P2532,C39,CR599,2025-08-19,youtube,long_form,1971,4635,5115,5333,0,false
P2533,C39,CR037,2025-09-01,youtube,short,125,286,342,355,0,false
P2534,C39,CR417,2025-07-29,youtube,short,2485,4608,5014,5414,0,false
P2535,C39,CR268,2025-08-26,youtube,short,1482,2788,3343,3400,0,false
P2536,C39,CR341,2025-07-22,youtube,short,1585,4059,4594,5032,0,false
P2537,C39,CR597,2025-09-04,youtube,long_form,35,68,78,85,0,false
P2538,C39,CR116,2025-07-23,youtube,short,11582,23712,26282,26282,500,false
P2539,C39,CR303,2025-07-19,youtube,short,293,558,674,696,0,false
P2540,C39,CR259,2025-07-16,youtube,short,500,913,1039,1039,0,false
P2541,C39,CR513,2025-08-20,youtube,long_form,81,222,258,264,0,false
P2542,C39,CR101,2025-08-19,youtube,short,833,1575,1867,1867,0,false
P2543,C39,CR407,2025-08-10,youtube,short,572,1475,1629,1772,0,false
P2544,C39,CR134,2025-08-24,youtube,long_form,171,341,398,406,0,false
P2545,C39,CR366,2025-07-30,youtube,long_form,116,211,254,266,0,false
P2546,C39,CR301,2025-07-22,youtube,long_form,76,190,220,220,0,false
P2547,C39,CR579,2025-07-26,youtube,long_form,513,985,1115,1273,0,false
P2548,C39,CR273,2025-07-18,youtube,short,609,1143,1350,1350,0,false
P2549,C39,CR056,2025-07-18,youtube,short,1540,3026,3538,3538,0,false
P2550,C39,CR063,2025-08-13,youtube,short,44016,119831,132155,153272,5000,false
P2551,C39,CR398,2025-08-12,youtube,short,20715,40305,49164,49570,500,false
P2552,C39,CR445,2025-08-28,youtube,long_form,15758,16102,16586,16748,500,true
P2553,C39,CR255,2025-08-09,youtube,short,6953,16034,17920,18888,500,false
P2554,C39,CR149,2025-07-15,youtube,long_form,2263,4656,5299,5422,0,false
P2555,C39,CR517,2025-09-05,youtube,long_form,74,166,184,199,0,false
P2556,C39,CR487,2025-07-19,youtube,short,588,1629,1912,2071,0,false
P2557,C39,CR232,2025-08-14,youtube,short,18340,35712,41769,41769,500,false
P2558,C39,CR107,2025-07-21,youtube,long_form,1456,1554,1604,1620,0,true
P2559,C39,CR400,2025-07-26,youtube,long_form,11857,26051,29568,30427,500,false
P2560,C39,CR426,2025-08-06,youtube,short,3955,9735,11019,11526,0,false
P2561,C39,CR256,2025-08-21,youtube,long_form,223,500,554,643,0,false
P2562,C39,CR198,2025-08-28,youtube,short,2342,5036,5423,5959,0,false
P2563,C39,CR406,2025-09-04,youtube,long_form,263,606,704,765,0,false
P2564,C39,CR411,2025-08-17,youtube,short,2467,5602,6222,6571,0,false
P2565,C39,CR291,2025-07-24,youtube,long_form,419,804,899,990,0,false
P2566,C39,CR270,2025-08-15,youtube,short,984,2028,2311,2396,0,false
P2567,C39,CR082,2025-08-31,youtube,long_form,483,910,1018,1107,0,false
P2568,C39,CR523,2025-07-28,youtube,short,166,444,523,523,0,false
P2569,C39,CR011,2025-08-14,youtube,short,4331,9251,10155,11500,0,false
P2570,C39,CR072,2025-07-20,youtube,short,7881,19923,21407,23549,500,false
P2571,C39,CR188,2025-07-19,youtube,short,2164,5810,6596,6964,0,false
P2572,C39,CR518,2025-08-12,youtube,short,247,455,518,597,0,false
P2573,C39,CR342,2025-07-23,youtube,short,303,771,935,959,0,false
P2574,C39,CR497,2025-07-18,youtube,short,1159,2345,2780,2780,0,false
P2575,C39,CR051,2025-08-16,youtube,long_form,661,1634,1848,1925,0,false
P2576,C39,CR595,2025-08-21,youtube,short,172,378,455,455,0,false
P2577,C39,CR476,2025-08-24,youtube,short,6824,7141,7291,7442,0,true
P2578,C39,CR402,2025-08-03,youtube,short,14128,31445,37965,40229,500,false
P2579,C39,CR212,2025-08-02,youtube,short,835,1951,2281,2281,0,false
P2580,C40,CR377,2025-08-02,youtube,short,4598,11486,12585,13452,0,false
P2581,C40,CR369,2025-07-31,youtube,short,11524,23170,26141,29241,970,false
P2582,C40,CR312,2025-08-25,youtube,long_form,2236,4203,4876,4963,0,false
P2583,C40,CR401,2025-07-03,youtube,short,11718,22872,26997,26997,970,false
P2584,C40,CR268,2025-08-15,youtube,short,5662,11123,12483,13063,0,false
P2585,C40,CR509,2025-07-27,youtube,long_form,2109,5265,5924,6365,0,false
P2586,C40,CR276,2025-07-28,youtube,short,1177,2657,2854,3251,0,false
P2587,C40,CR299,2025-08-28,youtube,long_form,8976,24867,26186,26436,970,false
P2588,C40,CR581,2025-08-02,youtube,long_form,4930,12143,14334,14970,0,false
P2589,C40,CR472,2025-07-03,youtube,short,40565,91838,102280,113178,7760,false
P2590,C40,CR399,2025-08-05,youtube,short,15003,30770,35349,36538,970,false
P2591,C40,CR348,2025-07-27,youtube,long_form,1562,3263,3626,3925,0,false
P2592,C40,CR386,2025-07-18,youtube,long_form,65660,156482,177615,193507,7760,false
P2593,C40,CR221,2025-08-13,youtube,short,13511,29228,32899,34574,970,false
P2594,C40,CR077,2025-07-17,youtube,short,3803,7548,8391,9453,0,false
P2595,C40,CR545,2025-07-07,youtube,long_form,7754,17333,20238,21475,970,false
P2596,C40,CR265,2025-08-26,youtube,long_form,6602,12096,14279,14279,0,false
P2597,C40,CR174,2025-08-02,youtube,short,83560,151934,166982,180463,7760,false
P2598,C40,CR002,2025-08-28,youtube,short,14139,34906,40721,40721,970,false
P2599,C40,CR134,2025-07-15,youtube,short,1843,3839,4279,4439,0,false
P2600,C40,CR168,2025-07-12,youtube,short,2145,3942,5017,5017,0,false
P2601,C40,CR444,2025-08-09,youtube,short,150558,292664,348899,354823,7760,false
P2602,C40,CR579,2025-07-17,youtube,short,9777,20650,24104,24104,970,false
P2603,C40,CR402,2025-08-23,youtube,short,13957,29605,34877,35233,970,false
P2604,C40,CR192,2025-07-20,youtube,short,7035,15726,18769,18769,970,false
P2605,C40,CR309,2025-07-16,youtube,short,2210,4177,4747,4951,0,false
P2606,C40,CR179,2025-07-15,youtube,short,5532,12884,15655,15655,0,false
P2607,C40,CR047,2025-08-05,youtube,long_form,2377,5246,5954,6330,0,false
P2608,C40,CR198,2025-08-06,youtube,short,3036,5773,6271,6686,0,false
P2609,C40,CR083,2025-07-23,youtube,long_form,4301,10485,12441,13049,0,false
P2610,C40,CR210,2025-07-10,youtube,short,28884,55165,59973,69806,4710,false
P2611,C40,CR171,2025-07-24,youtube,short,3396,7341,8085,9273,0,false
P2612,C40,CR241,2025-07-07,youtube,long_form,327439,843276,941973,1053276,22230,false
P2613,C40,CR564,2025-08-14,youtube,long_form,26432,59383,66469,71747,4710,false
P2614,C40,CR417,2025-08-10,youtube,short,451,1022,1225,1225,0,false
P2615,C40,CR153,2025-07-09,youtube,short,6079,13879,16603,16603,0,false
P2616,C40,CR462,2025-08-15,youtube,short,4991,10794,12702,13191,0,false
P2617,C40,CR341,2025-07-15,youtube,short,2121,4731,5377,5377,0,false
P2618,C40,CR187,2025-08-24,youtube,short,136033,284979,320576,327923,7760,false
P2619,C40,CR599,2025-08-12,youtube,long_form,2639,5263,5758,6165,0,false
P2620,C40,CR452,2025-08-22,youtube,long_form,10382,28213,32749,33686,970,false
P2621,C40,CR468,2025-08-20,youtube,short,184005,355202,389439,437410,7760,false
P2622,C40,CR163,2025-08-29,youtube,long_form,517,1001,1162,1208,0,false
P2623,C40,CR406,2025-07-11,youtube,short,30353,72530,79579,85777,4710,false
P2624,C40,CR448,2025-07-14,youtube,short,8849,19229,23364,23364,970,false
P2625,C40,CR209,2025-08-24,youtube,short,42410,79757,89903,98197,7760,false
P2626,C40,CR398,2025-07-15,youtube,short,13107,34427,40703,42069,970,false
P2627,C40,CR473,2025-08-13,youtube,long_form,3653,8838,9644,10805,0,false
P2628,C40,CR063,2025-07-12,youtube,short,46669,120935,141471,148647,7760,false
P2629,C40,CR324,2025-08-27,youtube,long_form,1677,3943,4477,4668,0,false
P2630,C40,CR529,2025-07-07,youtube,short,14196,31931,36527,37037,970,false
P2631,C40,CR300,2025-07-03,youtube,short,241304,251752,257094,262961,7760,true
P2632,C40,CR317,2025-08-03,youtube,short,8071,21426,24337,25075,970,false
P2633,C40,CR436,2025-07-30,youtube,short,2030,5301,6345,6345,0,false
P2634,C40,CR173,2025-07-31,youtube,short,6157,17565,20553,20553,970,false
P2635,C40,CR542,2025-08-06,youtube,short,4280,10893,12934,13025,0,false
P2636,C40,CR033,2025-08-24,youtube,long_form,2386,4352,4737,4742,0,false
P2637,C40,CR392,2025-08-17,youtube,short,43737,103306,126250,126250,7760,false
P2638,C40,CR018,2025-08-02,youtube,short,72846,154171,176003,179309,7760,false
P2639,C40,CR248,2025-08-13,youtube,short,29596,73531,82920,90227,4710,false
P2640,C40,CR433,2025-07-31,youtube,long_form,2810,6504,6894,7589,0,false
P2641,C40,CR175,2025-07-22,youtube,short,122481,265211,330418,330418,7760,false
P2642,C40,CR575,2025-07-03,youtube,short,109896,277148,319605,325015,7760,false
P2643,C40,CR572,2025-07-26,youtube,short,127437,321833,370909,391714,7760,false
P2644,C40,CR370,2025-07-19,youtube,short,2439,6256,7370,7924,0,false
P2645,C40,CR064,2025-08-06,youtube,short,598,1410,1638,1717,0,false
P2646,C40,CR008,2025-08-04,youtube,short,136998,148161,151807,155547,7760,true
P2647,C40,CR295,2025-08-25,youtube,long_form,1337,2822,3163,3483,0,false
P2648,C40,CR419,2025-08-20,youtube,short,503,975,1065,1258,0,false
P2649,C40,CR281,2025-07-09,youtube,short,97807,244960,290231,290231,7760,false
P2650,C40,CR298,2025-07-06,youtube,short,61644,118042,139656,139656,7760,false
P2651,C40,CR010,2025-08-20,youtube,long_form,832,2352,2758,2847,0,false
P2652,C40,CR257,2025-08-16,youtube,long_form,176,428,513,530,0,false
P2653,C40,CR508,2025-07-10,youtube,short,2928480,3007561,3077930,3135027,22230,true
P2654,C40,CR190,2025-07-15,youtube,long_form,3388,6589,7911,7949,0,false
P2655,C40,CR426,2025-07-12,youtube,short,869,2388,2597,2982,0,false
P2656,C40,CR521,2025-07-07,youtube,short,3050,6504,7240,7679,0,false
P2657,C40,CR116,2025-08-06,youtube,short,407,939,1175,1175,0,false
P2658,C40,CR213,2025-07-23,youtube,short,515,949,1046,1051,0,false
P2659,C40,CR445,2025-07-12,youtube,short,20522,39874,46300,50032,970,false
P2660,C40,CR066,2025-07-17,youtube,short,148,346,413,417,0,false
P2661,C40,CR232,2025-08-04,youtube,short,25195,46620,55156,57116,970,false
P2662,C40,CR007,2025-08-06,youtube,short,34225,88102,98475,102821,7760,false
P2663,C40,CR072,2025-08-06,youtube,short,9878,22326,26099,26616,970,false
P2664,C40,CR019,2025-07-28,youtube,long_form,980,1844,2099,2124,0,false
P2665,C40,CR400,2025-07-07,youtube,short,7627,17453,18505,21537,970,false
P2666,C40,CR149,2025-08-17,youtube,short,9958,23051,27578,27578,970,false
